set_index data_hex
0 00000000000000000000000000000000000000000000000020104000000000003010400000000000401040000000000050104000000000006010400000000000
0 00000000000000000000000000000000000000000000000000000000000000000000000000000000000000000000000000000000000000000000000000000000
0 242831c0e8d7fcffff49c7c5000000004189c44d85ed0f843c0200004889e731d2488d3568e3ffffe8d3ffbdff64488b1c2510000000483b1dfb3b0a00742364
64 701040000000000080104000000000009010400000000000a010400000000000b010400000000000c010400000000000d010400000000000e010400000000000
64 01000000040000000000000000000000000040000000000000004000000000001805000000000000180500000000000000100000000000000100000005000000
64 00000000000000000000000000000000000000000000000000000000000000000000000000000000000000000000000000000000000000000000000000000000
64 8b04251800000085c00f8591020000ba010000000fb115d53b0a0048891dd63b0a008b05cc3b0a00488b1db1100a008d50018915bc3b0a004885db0f84380100
128 f0104000000000000011400000000000101140000000000020114000000000003011400000000000401140000000000050114000000000006011400000000000
128 001000000000000000104000000000000010400000000000b141090000000000b141090000000000001000000000000001000000040000000060090000000000
128 00000000000000000000000000000000000000000000000000000000000000000000000000000000000000000000000000000000000000000000000000000000
128 00644c8b342510000000eb1b0f1f4000c783c0000000ffffffff488b5b684885db0f84090100008b2b83e50275e28b93c000000085d274d8488b938800000048
192 7011400000000000801140000000000090114000000000000000000000000000000000000000000000000000000000000008000000000000a863490000000000
192 006049000000000000604900000000004867020000000000486702000000000000100000000000000100000006000000c0d00b0000000000c0e04b0000000000
192 00000000000000000000000000000000000000000000000000000000000000000000000000000000000000000000000000000000000000000000000000000000
192 85d2743d4c3b72080f8442020000648b04251800000085c00f85d2010000b9010000000fb10a85c00f8432020000e86d0d030083fd010f8524010000bd020000
256 c0e04b00000000005051000000000000c06800000000000000100000000000000400000004000000700200000000000070024000000000007002400000000000
256 00384c000000000060314900000000000000000000000000000000000000000040114c0000000000000000000000000000000000000000000000000000000000
256 00000000000000000000000000000000000000000000000000000000000000000000000000000000000000000000000000000000000000000000000000000000
256 00803d103b0a0000750a8b03a8010f841c0100004c8bbbd800000048c7c2602b4c0048c7c008324c004c89fe4829d04829d64839f00f869501000031d231f648
320 20000000000000002000000000000000080000000000000004000000040000009002000000000000900240000000000090024000000000004400000000000000
320 00000000000000000000000000000000000000000000000000000000000000000000000000000000000000000000000000000000000000000000000000000000
320 8620adfb000000000000000000000000000000000000000000000000000000000000000000000000000000000000000000000000000000000000000000000000
320 89df41ff57588b83c000000085c07e0e31c931d231f64889dfe8a246050083fd020f8429ffffff488bbb880000004885ff0f8419ffffff8b470483e801894704
384 440000000000000004000000000000000700000004000000c0d00b0000000000c0e04b0000000000c0e04b000000000020000000000000006000000000000000
384 00000000000000000000000000000000000000000000000000000000000000000000000000000000000000000000000000000000000000000000000000000000
384 0000000000000000000000000000000000000000000000000000000000000000000000000000000020134c00000000000200000000000000ffffffffffffffff
384 0f850affffff48c7470800000000648b14251800000085d20f85a2010000832f01e9eafeffff662e0f1f8400000000008b057e3a0a0083e8018905753a0a0085
448 080000000000000053e5746404000000700200000000000070024000000000007002400000000000200000000000000020000000000000000800000000000000
448 00000000000000000000000000000000000000000000000000000000000000000000000000000000000000000000000000000000000000000000000000000000
448 0000000000000000403c4c0000000000ffffffffffffffff000000000000000020124c0000000000000000000000000000000000000000000000000000000000
448 c0752248c7056a3a0a0000000000648b14251800000085d20f859a000000832d4b3a0a00014d85ed740a4889e731f6e80cfebdff488b44242864483304252800
512 51e574640600000000000000000000000000000000000000000000000000000000000000000000000000000000000000100000000000000052e5746404000000
512 00000000000000000000000000000000000000000000000000000000000000000000000000000000000000000000000000000000000000000000000000000000
512 000000000000000000000000000000000000000000000000e02f4c00000000000000000000000000000000000000000000000000000000000000000000000000
512 00000f855c0100004883c4384489e05b5d415c415d415e415fc3660f1f440000bd01000000e98efeffff660f1f440000f30f7e05d8390a0083c80148891dce39
576 c0d00b0000000000c0e04b0000000000c0e04b0000000000402f000000000000402f0000000000000100000000000000040000001000000005000000474e5500
576 00000000000000000000000000000000000000000000000000000000000000000000000000000000000000000000000000000000000000000000000000000000
576 0a0089030f1643380f1183a8000000e9c0feffff0f1f400048c744240800000000488d0528e1ffff48890424e9bcfdffff0f1f80000000008705b2390a0083f8
640 f30f1efa554889e541574989ff4156488d45c841554154534881ec8800000048897da0bf0b000000488975984889c6488955a831d24889458048894d90e89e4e
640 00000000000000000000000000000000000000000000000000000000000000000000000000000000000000000000000000000000000000000000000000000000
640 010f8e5effffff4531d2ba01000000be81000000b8ca000000488d3d90390a000f05e93effffff660f1f84000000000031c0b901000000f00fb10a0f95c00fb6
704 474e55000000000003000000020000000000000000000000d0104c000000000025000000000000003092420000000000c8104c00000000002500000000000000
704 fdff488b5dc8488b053b3a040031d24d85ff488945b00f95c24821d848895d884989c00f846f08000031c9be01000000490fa3c84c8d6201730a488d42024c89
704 00000000000000000000000000000000000000000000000000000000000000000000000000000000000000000000000000000000000000000000000000000000
704 c0e920feffff662e0f1f840000000000e8abb2ffffe961feffff660f1f44000031c0ba01000000f00fb11541390a000f8466fdffff488d3d34390a00e88f1200
768 4095420000000000c0104c00000000002500000000000000407e480000000000b8104c000000000025000000000000004093420000000000b0104c0000000000
768 e24989c44883c1014889f048d3e048f7d84c85c075da488b05e34404004885c00f84fd060000440fb7b8b8020000488bb0a80200004d85ff0f84e90500004c89
768 00000000000000000000000000000000000000000000000000000000000000000000000000000000000000000000000000000000000000000000000000000000
768 a02d4c00000000000000000000000000000000000000000000000000000000008420adfb00000000000000000000000000000000000000000000000000000000
768 00e955fdffff662e0f1f84000000000083420401e9e8fdffff0f1f8000000000488b83880000004c897008c7400401000000e9cafdffff660f1f840000000000
832 2500000000000000f09f420000000000a8104c00000000002500000000000000c06e470000000000a0104c000000000025000000000000008092420000000000
832 45b831db4989c0eb180f1f80000000004883c3014883c6384939df0f84c2050000833e0475ea4c8b76304983fe030f86a4050000498d46fc48a9fbffffff75d0
832 00000000000000000000000000000000000000000000000000000000000000000000000000000000000000000000000000000000000000000000000000000000
832 00000000000000000000000000000000000000000000000000000000000000000000000000000000000000000000000000000000000000000000000000000000
832 870783f8010f8e45fdffff4531d2ba01000000be81000000b8ca0000000f05e92cfdffffe8c74603000f1f8000000000f30f1efabf01000000e962f9ffff6690
896 98104c0000000000250000000000000080f844000000000090104c00000000002500000000000000509f42000000000088104c00000000002500000000000000
896 488b7e28498b10480356104883ff0c76bf4c89f141b90c0000004d8d5e0b48f7d94d8d56ff4929d1eb21660f1f4400004c01d84d01d54821c84c01e84821c848
896 000000000000000000154c00000000000100000000000000ffffffffffffffff0000000000000000503c4c0000000000ffffffffffffffff0000000000000000
896 00000000000000000000000000000000000000000000000000000000000000000000000000000000000000000000000000000000000000000000000000000000
960 606e47000000000080104c0000000000250000000000000010a142000000000078104c00000000002500000000000000209e42000000000070104c0000000000
960 00144c0000000000000000000000000000000000000000000000000000000000000000000000000000000000000000000000000000000000e02f4c0000000000
960 00000000000000000000000000000000000000000000000000000000000000000000000000000000000000000000000000000000000000000000000000000000
1024 2500000000000000c09542000000000068104c00000000002500000000000000009e42000000000060104c00000000002500000000000000105b470000000000
1024 00000000000000000000000000000000000000000000000000000000000000000000000000000000000000000000000000000000000000000000000000000000
1088 58104c0000000000250000000000000060a242000000000050104c00000000002500000000000000b0a042000000000048104c00000000002500000000000000
1088 00000000000000000000000000000000000000000000000000000000000000000000000000000000000000000000000000000000000000000000000000000000
1152 505a47000000000040104c00000000002500000000000000206e47000000000038104c0000000000250000000000000060a142000000000030104c0000000000
1152 00000000000000000000000000000000000000000000000000000000000000000000000000000000000000000000000000000000000000000000000000000000
1216 250000000000000020a242000000000028104c00000000002500000000000000909e42000000000020104c000000000025000000000000008095420000000000
1216 00000000000000000000000000000000000000000000000000000000000000000000000000000000000000000000000000000000000000000000000000000000
1280 18104c00000000002500000000000000e09242000000000000000000000000000000000000000000000000000000000000000000000000000000000000000000
1280 4b8d7c0e104c8d6c03014d39fd72b14c8b45804d89e5488b5d884889f84c8b65b04d85c00f8565040000488b75a04885f67419488930488b7598488970084889
1280 00000000000000000000000000000000000000000000000000000000000000000000000000000000000000000000000000000000000000000000000000000000
1280 8820adfb000000000000000000000000000000000000000000000000000000000000000000000000000000000000000000000000000000000000000000000000
1344 c84883c10148c1e0044801d8488d3587bd020048c74008030000004889304939cc0f8523060000488b4308488945b84983fc010f84250500004889c14c89e048
1344 00000000000000000000000000000000000000000000000000000000000000000000000000000000000000000000000000000000000000000000000000000000
1344 0000000000000000000000000000000000000000000000000000000000000000000000000000000000000000000000000000000000000000ffffffffffffffff
1408 c1e004488d5403f048898568ffffff488b4208488945b0488d4408024983fc020f862d050000498d7424fd488d0c004883fe030f86b50500004889f7660f6f15
1408 00000000000000000000000000000000000000000000000000000000000000000000000000000000000000000000000000000000000000000000000000000000
1408 0000000000000000603c4c0000000000ffffffffffffffff0000000000000000e0154c0000000000000000000000000000000000000000000000000000000000
1472 7cbd02004889d8660fefc948d1ef48c1e7054801df0f1f00f30f6f4018f30f6f58284883c020660f6cc3660fd4c2660fd4c84839c775e1660f6fc14883e6fe66
1472 00000000000000000000000000000000000000000000000000000000000000000000000000000000000000000000000000000000000000000000000000000000
1472 000000000000000000000000000000000000000000000000e02f4c00000000000000000000000000000000000000000000000000000000000000000000000000
1536 0f73d808488d7e024883c601660fd4c866480f7ec84801c148c1e604488b443308488d7701488d4401014c39e60f83110500004889f948c1e104488b4c0b0848
1536 00000000000000000000000000000000000000000000000000000000000000000000000000000000000000000000000000000000000000000000000000000000
1600 8d440801488d4f024939cc762548c1e6044883c703488b743308488d4430014939fc760e48c1e104488b4c0b08488d4408014983fc3f0f8742040000b9430000
1600 00000000000000000000000000000000000000000000000000000000000000000000000000000000000000000000000000000000000000000000000000000000
1664 00488db8800000004489e64429e148d3ef4885ff0f85240400008d4efd48d3e041b80100000089f1488955984489c78975a0d3e7488b4da889bd74ffffff4863
1664 00000000000000000000000000000000000000000000000000000000000000000000000000000000000000000000000000000000000000000000000000000000
1728 a02d4c000000000040114c000000000020134c000000000000154c0000000000ffffffffffffffff010000000000000000000000000000000000000000000000
1728 ff4889394989fd49c1e5044889bd78ffffff498d7c0500e87460faff8b75a0488b559841b8010000004885c04989c60f84c90300008d46ff4b8d3c2e89c18945
1728 00000000000000000000000000000000000000000000000000000000000000000000000000000000000000000000000000000000000000000000000000000000
1792 00000200000000000000020000000000000002000000000008000000000000000000000000000000000000000000010000000000000000000000000000000000
1792 88b80100000041d3e089f149893e48d3e049897e1044894598488945804983fc020f84b4030000488b02498d7424fe4c637d984c89b558ffffff488975a041bd
1792 00000000000000000000000000000000000000000000000000000000000000000000000000000000000000000000000000000000000000000000000000000000
1856 00000000000000000000000000000000400000000000000008040000000000000700000000000000000000000000000000000000000000000000000000000000
1856 01000000488945a8488b034c89a560ffffff4d89fc4989c70f1f840000000000488b55b0488b75a84983ec02e8df09f8ff4c8b75a04889c7c6002f4883c701eb
1856 00000000000000000000000000000000000000000000000000000000000000000000000000000000000000000000000000000000000000000000000000000000
1920 606a420000000000a070420000000000906142000000000000000000000000000000000000000000000000000000000000000000000000000000000000000000
1920 0d0f1f80000000004983ee0174314489e84489f1d3e048984c85e074eb4c89f048c1e004488b540308488b3403e89e09f8ffc6002f488d78014983ee0175cf48
1920 00000000000000000000000000000000000000000000000000000000000000000000000000000000000000000000000000000000000000000000000000000000
1984 8b55b84c89fee88509f8ffc6002f488d78014d85e475894c8ba560ffffff4c8bb558ffffff488b4d8031c00f1f4400004889c24883c00148c1e20449c7441608
1984 00000000000000000000000000000000000000000000000000000000000000000000000000000000000000000000000000000000000000000000000000000000
0 00000000000000000000000000000000000000000000000000000000000000000000000000000000000000000000000000000000000000000000000000000000
0 000000004839c872e74c8b9578ffffff4d85d2745d48039d68ffffffbf010000004c89e10f1f40004883e90189fe4c89f24c89d0d3e64863f64883e8014883c2
0 00000000000000000000000000000000000000000000000000000000000000000000000000000000000000000000000000000000000000000000000000000000
64 00000000000000000000000000000000000000000000000000000000000000000000000000000000000000000000000000000000000000000000000000000000
64 104885c6741e4c8b4af84c8b43f84883e8014883c2104f8d4401014c8942e84885c675e24885c075d04883eb104885c975b6448b8574ffffff0fb64d88b80100
64 00000000000000000000000000000000000000000000000000000000000000000000000000000000000000000000000000000000000000000000000000000000
128 00000000000000000000000000000000000000000000000000000000000000000000000000000000000000000000000000000000000000000000000000000000
128 0000498d76204183e80248d3e04d63c04889c14939c074344889f04c89c266904883ea01f6c2010f84cb010000488b78e8480378e04883c010488978f04839ca
128 00000000000000000000000000000000000000000000000000000000000000000000000000000000000000000000000000000000000000000000000000000000
192 00000000000000000000000000000000000000000000000000000000000000000000000000000000000000000000000000000000000000000000000000000000
192 75de4929c849c1e0044c01c68b5598488b7db0f7da4883c7014863d248c1e204488b04164883c6104801f8488946f04883e90175eb498b4608488b5d90488903
192 00000000000000000000000000000000000000000000000000000000000000000000000000000000000000000000000000000000000000000000000000000000
256 00000000000000000000000000000000000000000000000000000000000000000000000000000000000000000000000000000000000000000000000000000000
256 488d65d84c89f05b415c415d415e415f5dc3660f1f44000041be04000000e95dfaffff4c8b45b84c89e04889e348c1e0044883c0104889c24881e200f0ffff48
256 00000000000000000000000000000000000000000000000000000000000000000000000000000000000000000000000000000000000000000000000000000000
320 00000000000000000000000000000000000000000000000000000000000000000000000000000000000000000000000000000000000000000000000000000000
320 29d34889da4839d474154881ec0010000048838c24f80f0000004839d475eb25ff0f00004829c44885c0740648834c04f800488d44240fb9010000004531ed48
320 00000000000000000000000000000000000000000000000000000000000000000000000000000000000000000000000000000000000000000000000000000000
384 00000000000000000000000000000000000000000000000000000000000000000000000000000000000000000000000000000000000000000000000000000000
384 83e0f04889c34d85c00f849bfbffff4d8d75014c8965884889da4531ff4c89f04c89eb4d89c64989c00f1f80000000004989dd49c1e5044d0fa3fe4e8d242a0f
384 00000000000000000000000000000000000000000000000000000000000000000000000000000000000000000000000000000000000000000000000000000000
448 00000000000000000000000000000000000000000000000000000000000000000000000000000000000000000000000000000000000000000000000000000000
448 83a30000004963c74c8945b0488d3cc0488d05f99c0100488955b84801c749893c24e89907f8ff4489f9be010000004c89f748d3e6488b55b84983c701498944
448 00000000000000000000000000000000000000000000000000000000000000000000000000000000000000000000000000000000000000000000000000000000
512 00000000000000000000000000000000000000000000000000000000000000000000000000000000000000000000000000000000000000000000000000000000
512 24084831f74939f64c8b45b0488d4b024a8d442a10747b4c89c34989fe4983c001eb8d4c89e04889e348c1e0044883c0104889c24881e200f0ffff4829d34889
512 00000000000000000000000000000000000000000000000000000000000000000000000000000000000000000000000000000000000000000000000000000000
576 00000000000000000000000000000000000000000000000000000000000000000000000000000000000000000000000000000000000000000000000000000000
576 da4839d40f8415ffffff4881ec0010000048838c24f80f0000004839d475ebe9fbfeffff0f1f40004983c701e93fffffff0f1f8000000000488b78f04883c010
576 00000000000000000000000000000000000000000000000000000000000000000000000000000000000000000000000000000000000000000000000000000000
640 00000000000000000000000000000000000000000000000000000000000000000000000000000000000000000000000000000000000000000000000000000000
640 488978f04839ca0f8513feffffe930feffff4c8b65884889d3e98cfaffff488b4da8488d78214c8d600148c70102000000e89a5cfaff4989c64885c07545488d
640 00000000000000000000000000000000000000000000000000000000000000000000000000000000000000000000000000000000000000000000000000000000
704 00000000000000000000000000000000000000000000000000000000000000000000000000000000000000000000000000000000000000000000000000000000
704 0d2eb8020031d231f6bf0c000000e80d4800004489e6e9c5fbffff488b5318488b7310e86806f8ff488b55b8488b33c6002f488d7801e85506f8ffc6002fe9e2
704 00000000000000000000000000000000000000000000000000000000000000000000000000000000000000000000000000000000000000000000000000000000
768 00000000000000000000000000000000000000000000000000000000000000000000000000000000000000000000000000000000000000000000000000000000
768 fcffff488d7820488b33488b55b84c8960084889384889781048c7401800000000e82a06f8ff488b5d90c6002f488b45a848c70002000000498b4608488903e9
768 00000000000000000000000000000000000000000000000000000000000000000000000000000000000000000000000000000000000000000000000000000000
832 00000000000000000000000000000000000000000000000000000000000000000000000000000000000000000000000000000000000000000000000000000000
832 bcfdffff4983fc030f8524fbffffbe03000000e942fbffff4c8d6201e9b5f7ffff48836db0014c89d1e997f9ffffbe01000000bf02000000e99bfaffff4c89f0
832 00000000000000000000000000000000000000000000000000000000000000000000000000000000000000000000000000000000000000000000000000000000
896 00000000000000000000000000000000000000000000000000000000000000000000000000000000000000000000000000000000000000000000000000000000
896 b901000000e9fcfdffff488d0d8fb70200bacc000000488d3541b70200488d3d46b70200e8b72bf8ff0f1f8000000000554889e54157415641554154534881ec
896 00000000000000000000000000000000000000000000000000000000000000000000000000000000000000000000000000000000000000000000000000000000
960 00000000000000000000000000000000000000000000000000000000000000000000000000000000000000000000000000000000000000000000000000000000
960 380400000fb60289bda0fbffff84c00f84720500004189f64989d44989cf4531c031db4c8dadc4fbffff660f1f4400004183fe010f84cb00000084c00f840601
960 00000000000000000000000000000000000000000000000000000000000000000000000000000000000000000000000000000000000000000000000000000000
1024 00000000000000000000000000000000000000000000000000000000000000000000000000000000000000000000000000000000000000000000000000000000
1024 00000000000000000000000000000000000000000000000000000000000000000000000000000000000000000000000000000000000000000000000000000000
1088 00000000000000000000000000000000000000000000000000000000000000000000000000000000000000000000000000000000000000000000000000000000
1088 00000000000000000000000000000000000000000000000000000000000000000000000000000000000000000000000000000000000000000000000000000000
1152 00000000000000000000000000000000000000000000000000000000000000000000000000000000000000000000000000000000000000000000000000000000
1152 00000000000000000000000000000000000000000000000000000000000000000000000000000000000000000000000000000000000000000000000000000000
1216 00000000000000000000000000000000000000000000000000000000000000000000000000000000000000000000000000000000000000000000000000000000
1216 00000000000000000000000000000000000000000000000000000000000000000000000000000000000000000000000000000000000000000000000000000000
1280 00000000000000000000000000000000000000000000000000000000000000000000000000000000000000000000000000000000000000000000000000000000
1280 00000000000000000000000000000000000000000000000000000000000000000000000000000000000000000000000000000000000000000000000000000000
1344 00000000000000000000000000000000000000000000000000000000000000000000000000000000000000000000000000000000000000000000000000000000
1344 00000000000000000000000000000000000000000000000000000000000000000000000000000000000000000000000000000000000000000000000000000000
1408 00000000000000000000000000000000000000000000000000000000000000000000000000000000000000000000000000000000000000000000000000000000
1408 00000000000000000000000000000000000000000000000000000000000000000000000000000000000000000000000000000000000000000000000000000000
1472 00000000000000000000000000000000000000000000000000000000000000000000000000000000000000000000000000000000000000000000000000000000
1472 00000000000000000000000000000000000000000000000000000000000000000000000000000000000000000000000000000000000000000000000000000000
1536 00000000000000000000000000000000000000000000000000000000000000000000000000000000000000000000000000000000000000000000000000000000
1536 00000000000000000000000000000000000000000000000000000000000000000000000000000000000000000000000000000000000000000000000000000000
1600 00000000000000000000000000000000000000000000000000000000000000000000000000000000000000000000000000000000000000000000000000000000
1600 00000000000000000000000000000000000000000000000000000000000000000000000000000000000000000000000000000000000000000000000000000000
1664 00000000000000000000000000000000000000000000000000000000000000000000000000000000000000000000000000000000000000000000000000000000
1664 00000000000000000000000000000000000000000000000000000000000000000000000000000000000000000000000000000000000000000000000000000000
1728 00000000000000000000000000000000000000000000000000000000000000000000000000000000000000000000000000000000000000000000000000000000
1728 00000000000000000000000000000000000000000000000000000000000000000000000000000000000000000000000000000000000000000000000000000000
1792 00000000000000000000000000000000000000000000000000000000000000000000000000000000000000000000000000000000000000000000000000000000
1792 00000000000000000000000000000000000000000000000000000000000000000000000000000000000000000000000000000000000000000000000000000000
1856 00000000000000000000000000000000000000000000000000000000000000000000000000000000000000000000000000000000000000000000000000000000
1856 00000000000000000000000000000000000000000000000000000000000000000000000000000000000000000000000000000000000000000000000000000000
1920 00000000000000000000000000000000000000000000000000000000000000000000000000000000000000000000000000000000000000000000000000000000
1920 00000000000000000000000000000000000000000000000000000000000000000000000000000000000000000000000000000000000000000000000000000000
1984 00000000000000000000000000000000000000000000000000000000000000000000000000000000000000000000000000000000000000000000000000000000
1984 00000000000000000000000000000000000000000000000000000000000000000000000000000000000000000000000000000000000000000000000000000000
0 00000000000000000000000000000000a0174c00000000000000000000000000010000000000000000000000000000000000000000000000a090420000000000
0 f30f1efa4883ec0848c7c0000000004885c07402ffd04883c408c30000000000f30f1efaf2ff25edff0b000f1f440000f30f1efaf2ff25e5ff0b000f1f440000
0 00000000000000000000000000000000000000000000000000000000000000000000000000000000000000000000000000000000000000000000000000000000
64 f30f1efaf2ff25ddff0b000f1f440000f30f1efaf2ff25d5ff0b000f1f440000f30f1efaf2ff25cdff0b000f1f440000f30f1efaf2ff25c5ff0b000f1f440000
64 00001000000000000000080000000000000010000000000000000800000000000080000000000000004000000000000000800000000000000040000000000000
64 00000000000000000000000000000000000000000000000000000000000000000000000000000000000000000000000000000000000000000000000000000000
128 f30f1efaf2ff25bdff0b000f1f440000f30f1efaf2ff25b5ff0b000f1f440000f30f1efaf2ff25adff0b000f1f440000f30f1efaf2ff25a5ff0b000f1f440000
128 ffffffff0000000035ca4a000000000035ca4a000000000000000000000000000000000000000000000000000000000001000000000000000000000000000000
128 00000000000000000000000000000000000000000000000000000000000000000000000000000000000000000000000000000000000000000000000000000000
192 f30f1efaf2ff259dff0b000f1f440000f30f1efaf2ff2595ff0b000f1f440000f30f1efaf2ff258dff0b000f1f440000f30f1efaf2ff2585ff0b000f1f440000
192 00000000000000000000000000000000000000000000000000000000000000000000000000000000000000000000000000000000000000000000000000000000
256 0000000000000000070000007f0300000303000002000000001000000000000001000000000000000100000000000000feffffffffffffff002b480000000000
256 f30f1efaf2ff257dff0b000f1f440000f30f1efaf2ff2575ff0b000f1f440000f30f1efaf2ff256dff0b000f1f440000f30f1efaf2ff2565ff0b000f1f440000
256 00000000000000000000000000000000000000000000000000000000000000000000000000000000000000000000000000000000000000000000000000000000
320 f30f1efaf2ff255dff0b000f1f440000f30f1efaf2ff2555ff0b000f1f440000f30f1efaf2ff254dff0b000f1f440000f30f1efaf2ff2545ff0b000f1f440000
320 00000000000000000000000000000000000000000000000000000000000000000000000000000000000000000000000000000000000000000000000000000000
384 20224c00000000000100000000000000e0244c000000000000000000000000000000000000000000000000000000000000000000000000000000000000000000
384 f30f1efaf2ff253dff0b000f1f440000f30f1efaf2ff2535ff0b000f1f440000488b7c2410e8965b0200e805000000e800000000f30f1efa5364488b1c251000
384 00000000000000000000000000000000000000000000000000000000000000000000000000000000000000000000000000000000000000000000000000000000
448 00004881ec2001000064488b042528000000488984241801000031c048391df5250c00743e648b04251800000085c0750eba010000000fb115d3250c00eb1d31
448 00000000000000000000000000000000000000000000000000000000000000000000000000000000000000000000000000000000000000000000000000000000
512 0000000000000000000000000000000000000000000000000000000000000000000000000000000035ca4a000000000000000000000000000000000000000000
512 c0ba01000000f00fb115c2250c00740c488d3db9250c00e87403020048891db5250c00ff05ab250c00833db0250c00007536c705a4250c0001000000b8100000
512 00000000000000000000000000000000000000000000000000000000000000000000000000000000000000000000000000000000000000000000000000000000
576 00000000000000000000000000000000000000000000000000000000000000000000000000000000000000000000000000000000000000000000000000000000
640 00000000000000000000000000000000000000000000000000000000000000000000000000000000000000000000000000000000000000000000000000000000
704 00000000000000000000000000000000000000000000000000000000000000000000000000000000000000000000000000000000000000000000000000000000
768 00000000000000000000000000000000000000000000000000000000000000000000000000000000000000000000000000000000000000000000000000000000
832 00000000000000000000000000000000000000000000000000000000000000000000000000000000000000000000000000000000000000000000000000000000
896 00000000000000000000000000000000000000000000000000000000000000000000000000000000000000000000000000000000000000000000000000000000
960 00000000000000000000000000000000000000000000000000000000000000000000000000000000000000000000000000000000000000000000000000000000
1024 00000000000000000000000000000000000000000000000000000000000000000000000000000000000000000000000000000000000000000000000000000000
1088 00000000000000000000000000000000000000000000000000000000000000000000000000000000000000000000000000000000000000000000000000000000
1152 00000000000000000000000000000000000000000000000000000000000000000000000000000000000000000000000000000000000000000000000000000000
1216 0000000000000000000000000000000000000000000000000000000000000000a0264c00000000000100000000000000c83d4c00000000000000000000000000
1216 00000000000000000000000000000000000000000000000000000000000000000000000000000000000000000000000000000000000000000000000000000000
1280 00000000000000000000000000000000000000000000000000000000000000000000000000000000000000000000000000000000000000000000000000000000
1344 00000000000000000000000000000000000000000000000000000000000000000000000000000000000000000000000000000000000000000000000000000000
1344 00000000000000000000000000000000000000000000000000000000000000000000000000000000000000000000000000000000000000000000000000000000
1408 00000000000000000000000000000000000000000000000000000000000000000000000000000000000000000000000000000000000000000000000000000000
1472 00000000000000000000000000000000000000000000000000000000000000000000000000000000000000000000000000000000000000000000000000000000
1536 00000000000000000000000000000000000000000000000000000000000000000000000000000000000000000000000000000000000000000000000000000000
1600 00000000000000000000000000000000000000000000000000000000000000000000000000000000000000000000000000000000000000000000000000000000
1600 00000000000000000000000000000000000000000000000000000000000000000000000000000000000000000000000000000000000000000000000000000000
1664 000000000000000000000000000000000000000000000000010000000000000020224c0000000000000000000000000035ca4a00000000000000000000000000
1664 00000000000000000000000000000000000000000000000000000000000000000000000000000000000000000000000000000000000000000000000000000000
1728 01000000000000000100000000000000000000000000000000000000000000000cad49000000000067ac49000000000001000000ffffff7f77ac490000000000
1728 00000000000000000000000000000000000000000000000000000000000000000000000000000000000000000000000000000000000000000000000000000000
1792 00000000000000000000000000000000000000000000000000000000000000000000000000000000000000000000000000000000000000000000000000000000
1792 b0faffffe8abfaffffe8a6faffffe8a1faffffe89cfaffffe897faffffe892faffffe88dfaffffe888faffff0f1f4000f30f1efa4c8b05bd280c004d85c0741a
1856 00000000000000000000000000000000000000000000000000000000000000000000000000000000000000000000000000000000000000000000000000000000
1856 b90e000000488d3d64f70a004c89c6f3a60f97c01c0084c07501c3504c89c7e8dc55020048c70589280c00000000005ac3662e0f1f8400000000000f1f440000
1920 f30f1efa415741564155415455534883ec088b05f0250c0083f8010f84db00000083f8020f84fc010000488b05ff250c004885c00f84b200000031f64883cdff
1920 00000000000000000000000000000000000000000000000000000000000000000000000000000000000000000000000000000000000000000000000000000000
1984 4989c44d85e47e2b4c89e04c89258e080c004530e448d1f84c892591080c0048890582080c004c89e048d1f848890585080c00488b05be250c004885c0740348
1984 00000000000000000000000000000000000000000000000000000000000000000000000000000000000000000000000000000000000000000000000000000000
0 89c54885ed7e2b4889e848892d2f080c004030ed48d1f848892d32080c0048890523080c004889e848d1f848890526080c00488b0587250c004885c0751889f0
0 00000000000000000000000000000000000000000000000000000000000000000000000000000000000000000000000000000000000000000000000000000000
64 480faf0508080c00b904000000488d0440489948f7f9488905032f0c004883c4085b5d415c415d415e415fc3488b0545250c0031f64885c07585ebb6bfbc0000
64 00000000000000000000000000000000000000000000000000000000000000000000000000000000000000000000000000000000000000000000000000000000
128 00448b2d04250c00e8e3d80400bfbf0000004989c4e8d6d80400bfc20000004989c6e8c9d804004889c54885c00f8e8b0000004531d241bf030000008b356a24
128 00000000000000000000000000000000000000000000000000000000000000000000000000000000000000000000000000000000000000000000000000000000
192 00000000000000000000000000000000000000000000000000000000000000000000000000000000000000000000000000000000000000000000000000000000
256 00000000000000000000000000000000000000000000000000000000000000000000000000000000000000000000000000000000000000000000000000000000
320 00000000000000000000000000000000000000000000000000000000000000000000000000000000000000000000000000000000000000000000000000000000
384 c0e84b000000000040f94b0000000000c0f94b000000000040024c000000000080f74b000000000000f74b0000000000000000000000000000ff4b0000000000
384 4c89f04d63c0489949f7f84989c64c01f5488b0518240c004885c00f8422feffffe91afeffffbfbc000000e8b0d20400bfbf0000004989c4e8a3d20400bfc200
384 00000000000000000000000000000000000000000000000000000000000000000000000000000000000000000000000000000000000000000000000000000000
448 00004889c5e896d2040031f64989c0b8000000800fa289c74d85c07e2b3d070000807764b8010000000fa289d689c781e600000010740e89d8c1e81025ff0000
448 00000000000000000000000000000000000000000000000000000000000000000000000000000000000000000000000000000000000000000000000000000000
512 0089c6755b4c01c581ff000000807681b8010000800fa280e5017453c705422d0c00ffffffffe966ffffff40f6c6010f8405ffffffc1e80e83e6fe25ff030000
512 00000000000000000000000000000000000000000000000000000000000000000000000000000000000000000000000000000000000000000000000000000000
576 28aa49000000000028aa49000000000028aa49000000000028aa49000000000028aa4900000000007f0300000800000000000000000000000000000000000000
576 4189c0e9eafeffffb8080000800fa2c1e90c89c7b80100000083e10fd3e089c64c89c089f1489948f7f94989c0eb9685d20f891affffffeba3be010000004183
576 00000000000000000000000000000000000000000000000000000000000000000000000000000000000000000000000000000000000000000000000000000000
640 caffe95bfeffff4183fd0a0f8e900000004585c0b8010000000f9fc131ff4183ff03400f94c721cf89fa4585d27f0b31c04183ff020f94c021c88d3c0041bd0b
640 00000000000000000000000000000000000000000000000000000000000000000000000000000000000000000000000000000000000000000000000000000000
704 00000009d7eb0f81f9000200000f84c20000004489ce85ff74474489e889f1448d4e010fa281e100ff000081e3ff000000742e85c9742a81f90001000075c840
704 00000000000000000000000000000000000000000000000000000000000000000000000000000000000000000000000000000000000000000000000000000000
768 00000000000000000000000000000000000000000000000000000000000000000000000000000000000000000000000000000000000000000000000000000000
832 00000000000000000000000000000000000000000000000000000000000000000000000000000000000000000000000000000000000000000000000000000000
896 00000000000000000000000000000000000000000000000000000000000000000000000000000000000000000000000000000000000000000000000000000000
960 00000000000000000000000000000000000000000000000000000000000000000000000000000000000000000000000000000000000000000000000000000000
1024 e041f7d04121d8ebb30f1f8000000000f30f1efa31ed4989d15e4889e24883e4f0505449c7c0b035400048c7c11035400048c7c7351d400067e8720c0000f490
1024 00000000000000000000000000000000000000000000000000000000000000000000000000000000000000000000000000000000000000000000000000000000
1088 f30f1efac3662e0f1f84000000000090b8102b4c00483d102b4c007413b8000000004885c07409bf102b4c00ffe06690c366662e0f1f8400000000000f1f4000
1088 00000000000000000000000000000000000000000000000000000000000000000000000000000000000000000000000000000000000000000000000000000000
1152 be102b4c004881ee102b4c004889f048c1ee3f48c1f8034801c648d1fe7411b8000000004885c07407bf102b4c00ffe0c366662e0f1f8400000000000f1f4000
1152 00000000000000000000000000000000000000000000000000000000000000000000000000000000000000000000000000000000000000000000000000000000
1216 f30f1efa803d55150c0000752b554889e5e87affffffb8102d49004885c0740abf90204b00e826100900c6052f150c00015dc30f1f440000c30f1f8000000000
1216 00000000000000000000000000000000000000000000000000000000000000000000000000000000000000000000000000000000000000000000000000000000
1280 f30f1efab8b02a49004885c0742255be40324c00bf90204b004889e5e88f0d09005de959ffffff660f1f840000000000e94bfffffff30f1efa554889e5415741
1280 00000000000000000000000000000000000000000000000000000000000000000000000000000000000000000000000000000000000000000000000000000000
1344 5641554154534881ec2801000064488b042528000000488945c831c04889e048898540ffffffc78554ffffff640000008b8554ffffff48984883e80148894580
1344 00000000000000000000000000000000000000000000000000000000000000000000000000000000000000000000000000000000000000000000000000000000
1408 8b8554ffffff48984889c1bb000000008b8554ffffff489848c1e00248898548ffffff8b8554ffffff48984883e80148898578ffffff8b8554ffffff48984989
1408 00000000000000000000000000000000000000000000000000000000000000000000000000000000000000000000000000000000000000000000000000000000
1472 c041b9000000008b8554ffffff48984889c6bf000000004c89ca480fafd64889f8490fafc0488d0c024c89c048f7e64801d14889ca8b8554ffffff48984989c4
1472 00000000000000000000000000000000000000000000000000000000000000000000000000000000000000000000000000000000000000000000000000000000
1536 41bd000000008b8554ffffff48984989c241bb000000004c89ea490fafd24c89d8490fafc4488d0c024c89e049f7e24801d14889ca8b8554ffffff4863d08b85
1536 00000000000000000000000000000000000000000000000000000000000000000000000000000000000000000000000000000000000000000000000000000000
1600 54ffffff4898480fafc2488d148500000000b8100000004883e8014801d0bb10000000ba0000000048f7f3486bd0104889d0482500f0ffff4889e34829c34889
1600 00000000000000000000000000000000000000000000000000000000000000000000000000000000000000000000000000000000000000000000000000000000
1664 d84839c474124881ec0010000048838c24f80f000000ebe94889d025ff0f00004829c44889d025ff0f00004885c074134889d025ff0f00004883e8084801e048
1664 00000000000000000000000000000000000000000000000000000000000000000000000000000000000000000000000000000000000000000000000000000000
1728 8308004889e04883c00348c1e80248c1e002488945908b8554ffffff48984883e801488945988b8554ffffff4898488985c0feffff48c785c8feffff00000000
1728 00000000000000000000000000000000000000000000000000000000000000000000000000000000000000000000000000000000000000000000000000000000
1792 8b8554ffffff48984c8d2485000000008b8554ffffff48984883e801488945a08b8554ffffff489848898530ffffff48c78538ffffff000000008b8554ffffff
1792 00000000000000000000000000000000000000000000000000000000000000000000000000000000000000000000000000000000000000000000000000000000
1856 48984989c641bf00000000488b9d30ffffff488bb538ffffff4889f2490fafd64889d8490fafc7488d0c024889d849f7e64801d14889ca8b8554ffffff489848
1856 00000000000000000000000000000000000000000000000000000000000000000000000000000000000000000000000000000000000000000000000000000000
1920 898520ffffff48c78528ffffff000000008b8554ffffff489848898510ffffff48c78518ffffff00000000488b9d20ffffff488bb528ffffff4889f24c8b8d10
1920 00000000000000000000000000000000000000000000000000000000000000000000000000000000000000000000000000000000000000000000000000000000
1984 ffffff4c8b9518ffffff490fafd14c89d0480fafc3488d0c024889d849f7e14801d14889ca8b8554ffffff4863d08b8554ffffff4898480fafc2488d14850000
1984 c00a42000000000000000000000000000000000000000000000000000000000000000000000000000000000000000000f0dd41000000000090de410000000000
1984 00000000000000000000000000000000000000000000000000000000000000000000000000000000000000000000000000000000000000000000000000000000
0 0000b8100000004883e8014801d0bb10000000ba0000000048f7f3486bd0104889d0482500f0ffff4889e34829c34889d84839c474124881ec0010000048838c
0 70b741000000000030f1410000000000e00842000000000060ca41000000000010c741000000000030bd41000000000090f7410000000000c0b6410000000000
0 00000000000000000000000000000000000000000000000000000000000000000000000000000000000000000000000000000000000000000000000000000000
64 24f80f000000ebe94889d025ff0f00004829c44889d025ff0f00004885c074134889d025ff0f00004883e8084801e0488308004889e04883c00348c1e80248c1
64 c0e0410000000000003a47000000000030ca41000000000030c3410000000000d0ba410000000000b0b641000000000010c3410000000000b00a420000000000
64 00000000000000000000000000000000000000000000000000000000000000000000000000000000000000000000000000000000000000000000000000000000
128 e002488945a88b8554ffffff48984883e801488945b08b8554ffffff4898488985b0feffff48c785b8feffff000000008b8554ffffff4898488d1c8500000000
128 00000000000000000000000000000000000000000000000000000000000000000000000000000000000000000000000000000000000000000000000000000000
192 8b8554ffffff48984883e801488945b88b8554ffffff489848898500ffffff48c78508ffffff000000008b8554ffffff4898488985f0feffff48c785f8feffff
192 00000000000000000000000000000000000000000000000000000000000000000000000000000000000000000000000000000000000000000000000000000000
256 00000000488bb500ffffff488bbd08ffffff4889fa4c8bb5f0feffff4c8bbdf8feffff490fafd64c89f8480fafc6488d0c024889f049f7e64801d14889ca8b85
256 00000000000000000000000000000000000000000000000000000000000000000000000000000000000000000000000000000000000000000000000000000000
320 54ffffff4898488985e0feffff48c785e8feffff000000008b8554ffffff4898488985d0feffff48c785d8feffff00000000488bb5e0feffff488bbde8feffff
320 00000000000000000000000000000000000000000000000000000000000000000000000000000000000000000000000000000000000000000000000000000000
384 4889fa4c8b85d0feffff4c8b8dd8feffff490fafd04c89c8480fafc6488d0c024889f049f7e04801d14889ca8b8554ffffff4863d08b8554ffffff4898480faf
384 00000000000000000000000000000000000000000000000000000000000000000000000000000000000000000000000000000000000000000000000000000000
448 c2488d148500000000b8100000004883e8014801d0bf10000000ba0000000048f7f7486bc0104889c24881e200f0ffff4889e74829d74889fa4839d474124881
448 00000000000000000000000000000000000000000000000000000000000000000000000000000000000000000000000000000000000000000000000000000000
512 ec0010000048838c24f80f000000ebe94889c281e2ff0f00004829d44889c281e2ff0f00004885d2741025ff0f00004883e8084801e0488308004889e04883c0
512 00000000000000000000000000000000000000000000000000000000000000000000000000000000000000000000000000000000000000000000000000000000
512 0000000000000000e0ff410000000000000000000000000000000000000000000000000000000000000000000000000000000000000000000000000000000000
576 00000000000000000000000000000000000000000000000000000000000000000000000000000000000000000000000000000000000000000000000000000000
576 0348c1e80248c1e002488945c0488d3db43d0900e8f76b0100c78574ffffff00000000e9ac000000c78570ffffff00000000e984000000488bbd48ffffff48c1
576 00000000000000000000000000000000000000000000000000000000000000000000000000000000000000000000000000000000000000000000000000000000
640 00000000000000000000000000000000000000000000000000000000000000000000000000000000000000000000000000000000000000000000000000000000
640 ef028b9574ffffff8b8570ffffff8d0c02488b45908b9570ffffff4863f28b9574ffffff4863d2480fafd74801f2890c908b8574ffffff8d0c85000000008b95
640 00000000000000000000000000000000000000000000000000000000000000000000000000000000000000000000000000000000000000000000000000000000
704 70ffffff89d0c1e00329d04c89e748c1ef0201c1488b45a88b9570ffffff4863f28b9574ffffff4863d2480fafd74801f2890c90838570ffffff018b8570ffff
704 00000000000000000000000000000000000000000000000000000000000000000000000000000000000000000000000000000000000000000000000000000000
768 00000000000000000000000000000000000000000000000000000000000000000000000000000000000000000000000000000000000000000000000000000000
768 ff3b8554ffffff0f8c6affffff838574ffffff018b8574ffffff3b8554ffffff0f8c42ffffff488d3d053d0900e81e6b0100488d3dff3c0900e8126b0100c785
832 6cffffff00000000e9e2000000c78568ffffff00000000e9ba000000c78564ffffff00000000c78560ffffff00000000eb62488bb548ffffff48c1ee02488b45
832 00000000000000000000000000000000000000000000000000000000000000000000000000000000000000000000000000000000000000000000000000000000
896 908b9560ffffff4863ca8b956cffffff4863d2480fafd64801ca8b14904c89e748c1ef02488b45a88b8d68ffffff4863f18b8d60ffffff4863c9480fafcf4801
896 00000000000000000000000000000000000000000000000000000000000000000000000000000000000000000000000000000000000000000000000000000000
960 f18b04880fafc2018564ffffff838560ffffff018b8560ffffff3b8554ffffff7c904889de48c1ee02488b45c08b9568ffffff4863ca8b956cffffff4863d248
960 00000000000000000000000000000000000000000000000000000000000000000000000000000000000000000000000000000000000000000000000000000000
1024 0fafd64801d18b9564ffffff891488838568ffffff018b8568ffffff3b8554ffffff0f8c34ffffff83856cffffff018b856cffffff3b8554ffffff0f8c0cffff
1024 00000000000000000000000000000000000000000000000000000000000000000000000000000000000000000000000000000000000000000000000000000000
1088 ff488d3dea3b0900e8036a0100488d3d043c0900e8f769010048c7458800000000c7855cffffff00000000eb55c78558ffffff00000000eb344889de48c1ee02
1088 00000000000000000000000000000000000000000000000000000000000000000000000000000000000000000000000000000000000000000000000000000000
1152 488b45c08b9558ffffff4863ca8b955cffffff4863d2480fafd64801ca8b0490489848014588838558ffffff018b8558ffffff3b8554ffffff7cbe83855cffff
1152 00000000000000000000000000000000000000000000000000000000000000000000000000000000000000000000000000000000000000000000000000000000
1216 ff018b855cffffff3b8554ffffff7c9d488d3db63b0900e874690100488b45884889c6488d3da83b0900b800000000e89cec0000488ba540ffffffb800000000
1216 00000000000000000000000000000000000000000000000000000000000000000000000000000000000000000000000000000000000000000000000000000000
1280 488b5dc86448331c25280000007405e81c250500488d65d85b415c415d415e415f5dc3662e0f1f8400000000000f1f00534881ec880000004885ff74584989d0
1280 00000000000000000000000000000000000000000000000000000000000000000000000000000000000000000000000000000000000000000000000000000000
1344 4989c9b8010000000fa28915dc170c0089c2c1ea08891dc9170c0083e20f890dc4170c008905b6170c00891789c2c1ea0483e20f891689c2c1ea0c81e2f00000
1344 00000000000000000000000000000000000000000000000000000000000000000000000000000000000000000000000000000000000000000000000000000000
1408 0041891089c283e20f418911833f0f0f8468010000833df0170c00067e21b80700000031c90fa2890583170c00891d81170c00890d7f170c0089157d170c0083
1408 00000000000000000000000000000000000000000000000000000000000000000000000000000000000000000000000000000000000000000000000000000000
1472 3dc6170c000c7e24b80d000000b9010000000fa2890576170c00891d74170c00890d72170c00891570170c008b3536170c00f7c6000000080f84f600000031c9
1472 00000000000000000000000000000000000000000000000000000000000000000000000000000000000000000000000000000000000000000000000000000000
1536 0f01d089c283e20683fa060f8401010000833d74170c000c0f8ed6000000b80d00000031c90fa285db0f84c500000083c37f83e3c089d8891d6b170c00488905
1536 00000000000000000000000000000000000000000000000000000000000000000000000000000000000000000000000000000000000000000000000000000000
1600 5c170c00f60505170c00020f84a30000004c8d442490488d7c2410be02000000c74424904002000041b9ee00000041ba0d000000eb3d662e0f1f840000000000
1600 00000000000000000000000000000000000000000000000000000000000000000000000000000000000000000000000000000000000000000000000000000000
1664 00000000000000000000000000000000000000000000000000000000000000000000000000000000000000000000000000000000000000000000000000000000
1728 fe0274e48b47fc410340fc418900ebd38b842484000000034424047417810d99160c000000400083c07f83e0c0488905ac160c004881c4880000005bc3c1e814
1728 00000000000000000000000000000000000000000000000000000000000000000000000000000000000000000000000000000000000000000000000000000000
1792 0fb6c083c00f8907418b000106e983fefffff7c60000001074708b1560160c0089d183c901890d55160c00f60502160c00207413810d46160c000001000083ca
1792 00000000000000000000000000000000000000000000000000000000000000000000000000000000000000000000000000000000000000000000000000000000
1856 03891539160c0081e600100000740a810d27160c00000002008b15d9150c00f6c602740a810d12160c000000080080e604740a810d03160c0000001000f605c5
1856 00000000000000000000000000000000000000000000000000000000000000000000000000000000000000000000000000000000000000000000000000000000
1920 00000000000000000000000000000000000000000000000000000000000000000000000000000000000000000000000000000000000000000000000000000000
1984 00000000000000000000000000000000000000000000000000000000000000000000000000000000000000000000000000000000000000000000000000000000
1984 00000000000000000000000000000000000000000000000000000000000000000000000000000000000000000000000000000000000000000000000000000000
0 00000000000000000000000000000000000000000000000000000000000000000000000000000000000000000000000000000000000000000000000000000000
0 00000000000000000000000000000000000000000000000000000000000000000000000000000000000000000000000000000000000000000000000000000000
64 00000000000000000000000000000000000000000000000000000000000000000000000000000000000000000000000000000000000000000000000000000000
128 0df7140c000080000080e6400f847ffdffff810de4140c0000000100e970fdffff810dd5140c0000002000e9dafefffff30f1efa415631c041554d89cd41544d
128 00000000000000000000000000000000000000000000000000000000000000000000000000000000000000000000000000000000000000000000000000000000
192 89c4554889cd534881ece0000000488954241048c7c20000000048897c24188974240c4885d274098b1231c085d20f94c08905d1fd0b00e844f3ffff48634424
192 f30f1efa4155415455534881ec0010000048830c24004883ec08ba00100000488d3d3d9e0200b8590000004889e54889ee0f053d00f0ffff775e85c07e5a0fb6
192 00000000000000000000000000000000000000000000000000000000000000000000000000000000000000000000000000000000000000000000000000000000
256 0c488b5c2410488d7cc308488b84241001000048893dbe130c004889054fe10b000f1f80000000004883c70848837ff80075f5e89828050048833dd01e0c0000
256 142480fa5b745180fa2f0f85e600000089c148984801e8eb190f1f80000000004883e8018d59ff80382f0f84a000000089d983f90175e9bf02000000e80f3efa
256 00000000000000000000000000000000000000000000000000000000000000000000000000000000000000000000000000000000000000000000000000000000
320 753048c7c0000040004885c0742466837836380f85b3020000488b50204801c20fb74038488915a51e0c00488905d61e0c00e8b9390500488b3d5a130c00e84d
320 ff4989c44885c0746fb82f0000006641890424eb6a0f1f00488b2dc11e04004885ed74544889efe814e8f7ff488d78014989c5e8d83dfaff4989c44885c07438
320 00000000000000000000000000000000000000000000000000000000000000000000000000000000000000000000000000000000000000000000000000000000
384 22050031c0c744242c000000000fa2c744243000000000c7442434000000008905e7130c0081fb47656e750f856c01000081f96e74656c0f856001000081fa69
384 4c89ea4889ee4889c7e8c2e7f7ff498d5424014839d07711eb15660f1f4400004883e8014839d074068078ff2f74f1c60000eb0b0f1f400049c7c4ffffffff48
384 00000000000000000000000000000000000000000000000000000000000000000000000000000000000000000000000000000000000000000000000000000000
448 6e65490f841d05000031c931d231f631ffe85afbffffb8030000008b154b130c00f6c6017407830d97130c000180e6807407830d8b130c0002890589130c008b
448 81c4081000004c89e05b5d415c415dc383c1014863f9e8753dfaff4989c44885c074d54863d34889ee4c89e7e85fe7f7ffc60000ebc9488d0d739d0200ba2f00
448 00000000000000000000000000000000000000000000000000000000000000000000000000000000000000000000000000000000000000000000000000000000
512 44242c488d742440488d15b1390500bf10000000890576130c008b442430890570130c008b44243489056a130c00e82d27050031d2488d742448bf09000000e8
512 0000488d353f9d0200488d3d229d0200e84b0df8ff662e0f1f84000000000090f30f1efa4154554889fd4883ec0864448b2425180000004585e47514e8ff42fa
512 00000000000000000000000000000000000000000000000000000000000000000000000000000000000000000000000000000000000000000000000000000000
576 1c270500488b44244831d2488d742450bf1400000048890564130c00e8ff260500488b44245031d2488d742458bf0300000048890537130c00e8e2260500488b
576 ff4883c4084489e05d415cc30f1f40004c8b25c11d04004d85e4745c498b04244883f831771a488d50014989142449897cc4084531e4ebc90f1f840000000000
576 00000000000000000000000000000000000000000000000000000000000000000000000000000000000000000000000000000000000000000000000000000000
640 442458833dfe120c000148c70573120c00020000004889051c130c000f8460030000488d742460488d1502450500bf0f000000e8a8260500488d742468bf0a00
640 00000000000000000000000000000000000000000000000000000000000000000000000000000000000000000000000000000000000000000000000000000000
704 0000488d1587450500e892260500488d742470bf01300000b89e0000000f054885c00f849002000048c7c3d8024000eb0aff53104883c3184989064881fb1805
704 00000000000000000000000000000000000000000000000000000000000000000000000000000000000000000000000000000000000000000000000000000000
768 40000f8323010000837b08254c8b3374e0488d3df8350900e8438a010081fb417574680f854a05000081f963414d440f853e05000081fa656e74690f8588feff
768 00000000000000000000000000000000000000000000000000000000000000000000000000000000000000000000000000000000000000000000000000000000
832 ff488d4c2434488d54243c488d742430488d7c242ce8d6f9ffffbe0000008089f00fa289c63d00000080766db8010000800fa28905c7110c00891dc5110c0089
832 00000000000000000000000000000000000000000000000000000000000000000000000000000000000000000000000000000000000000000000000000000000
896 0dc3110c008915c1110c0081fe060000807646b8070000800fa28905c0110c00891dbe110c00890dbc110c008915ba110c0081fe07000080741fb8080000800f
896 00000000000000000000000000000000000000000000000000000000000000000000000000000000000000000000000000000000000000000000000000000000
960 a28905a9110c00891da7110c00890da5110c008915a3110c008b05a1110c00a8017414f60560110c0001740b0d00000400890589110c00837c242c150f849e04
960 00000000000000000000000000000000000000000000000000000000000000000000000000000000000000000000000000000000000000000000000000000000
1024 0000b802000000e9cffdffff488d0d6d360900bab4000000488d3594340900488d3dba340900e8350b0000e8500600008b05ba1b0c006489042548000000488b
1024 00000000000000000000000000000000000000000000000000000000000000000000000000000000000000000000000000000000000000000000000000000000
1024 00000000000000000000000000000000000000000000000000000000000000000000000000000000000000000000000000000000000000000000000000000000
1088 051bde0b00488b0030c0644889042528000000833d6efa0b00000f844e02000048833d18e30b00007405e891d3bfff488b05eadd0b00488b4008644889042530
1088 00000000000000000000000000000000000000000000000000000000000000000000000000000000000000000000000000000000000000000000000000000000
1088 00000000000000000000000000000000000000000000000000000000000000000000000000000000000000000000000000000000000000000000000000000000
1152 0000004d85ed740c31d231f64c89efe8bcdc0000488b153d100c00488b7424108b7c240ce8574505004d85e4740c31d231f64c89e7e896dc0000833ddfdd0b00
1152 00000000000000000000000000000000000000000000000000000000000000000000000000000000000000000000000000000000000000000000000000000000
1152 00000000000000000000000000000000000000000000000000000000000000000000000000000000000000000000000000000000000000000000000000000000
1216 00000000000000000000000000000000000000000000000000000000000000000000000000000000000000000000000000000000000000000000000000000000
1216 000f85a20300004885ed7412488b1505100c00488b7424108b7c240cffd531ff31f6e8a91d0500488d7c2470e8bfcc0000f30f1efa85c0754e64488b04250003
1216 00000000000000000000000000000000000000000000000000000000000000000000000000000000000000000000000000000000000000000000000000000000
1280 00000000000000000000000000000000000000000000000000000000000000000000000000000000000000000000000000000000000000000000000000000000
1280 000048898424b800000064488b0425f802000048898424c0000000488d442470644889042500030000488b15a80f0c008b7c240c488b742410488b442418ffd0
1280 00000000000000000000000000000000000000000000000000000000000000000000000000000000000000000000000000000000000000000000000000000000
1344 00000000000000000000000000000000000000000000000000000000000000000000000000000000000000000000000000000000000000000000000000000000
1344 89c7e889d90000e8b4d2bfff48c7c000000000f0ff080f94c284d2740431ffebe1ba3c000000662e0f1f84000000000031ff89d00f05ebf8488b44247085c00f
1344 00000000000000000000000000000000000000000000000000000000000000000000000000000000000000000000000000000000000000000000000000000000
1408 00000000000000000000000000000000000000000000000000000000000000000000000000000000000000000000000000000000000000000000000000000000
1408 8463fdffff8905651a0c00a8030f8455fdffff8b059f0f0c002580000000f605990f0c00100f85b1020000ba0100000085c0750ab80100000083c80289c289d6
1408 00000000000000000000000000000000000000000000000000000000000000000000000000000000000000000000000000000000000000000000000000000000
1472 00000000000000000000000000000000000000000000000000000000000000000000000000000000000000000000000000000000000000000000000000000000
1472 00000000000000000000000000000000000000000000000000000000000000000000000000000000000000000000000000000000000000000000000000000000
1536 00000000000000000000000000000000000000000000000000000000000000000000000000000000000000000000000000000000000000000000000000000000
1600 00000000000000000000000000000000000000000000000000000000000000000000000000000000000000000000000000000000000000000000000000000000
1664 fffff605bf0e0c00200f8413fcffff8b05930e0c00250000c0003d0000c0000f85fdfbffff488d05ff310900eb81e83d42050085c00f882b0100008b15a7190c
1664 00000000000000000000000000000000000000000000000000000000000000000000000000000000000000000000000000000000000000000000000000000000
1728 0085d20f8510010000890599190c003dff0103000f8f86fdffff488d3de6310900e87a860100488d4c2434488d542438488d742430488d7c242ce831f6ffffbe
1728 00000000000000000000000000000000000000000000000000000000000000000000000000000000000000000000000000000000000000000000000000000000
1792 00000000000000000000000000000000000000000000000000000000000000000000000000000000000000000000000000000000000000000000000000000000
1792 0000008089f00fa289c63d00000080766db8010000800fa28905220e0c00891d200e0c00890d1e0e0c0089151c0e0c0081fe060000807646b8070000800fa289
1792 00000000000000000000000000000000000000000000000000000000000000000000000000000000000000000000000000000000000000000000000000000000
1856 00000000000000000000000000000000000000000000000000000000000000000000000000000000000000000000000000000000000000000000000000000000
1856 00000000000000000000000000000000000000000000000000000000000000000000000000000000000000000000000000000000000000000000000000000000
1920 00000000000000000000000000000000000000000000000000000000000000000000000000000000000000000000000000000000000000000000000000000000
1984 00000000000000000000000000000000000000000000000000000000000000000000000000000000000000000000000000000000000000000000000000000000
1984 00000000000000000000000000000000000000000000000000000000000000000000000000000000000000000000000000000000000000000000000000000000
0 00000000000000000000000000000000000000000000000000000000000000000000000000000000000000000000000000000000000000000000000000000000
64 ffffffebc9f605df0c0c001074b081ca3404000089152a0d0c00eba285c00f8576fdffffe950fdffffe862000000e954fcffff81fb4879676f400f94c681f975
64 00000000000000000000000000000000000000000000000000000000000000000000000000000000000000000000000000000000000000000000000000000000
128 696e650f94c04084c60f843af9ffff81fa6e47656e0f84a6faffffe929f9ffff8b44243083e86083f81f0f8752fbffff8b05ce0c0c0080e4fe83c8188905c20c
128 00000000000000000000000000000000000000000000000000000000000000000000000000000000000000000000000000000000000000000000000000000000
192 0c00e93bfbffff660f1f840000000000f30f1efa4881ec9800000031ff31c0be01000000e807e9040083f8ff744231c0be01000000bf01000000e8f1e8040083
192 00000000000000000000000000000000000000000000000000000000000000000000000000000000000000000000000000000000000000000000000000000000
256 00000000000000000000000000000000000000000000000000000000000000000000000000000000000000000000000000000000000000000000000000000000
320 00000000000000000000000000000000000000000000000000000000000000000000000000000000000000000000000000000000000000000000000000000000
384 00000000000000000000000000000000000000000000000000000000000000000000000000000000000000000000000000000000000000000000000000000000
448 00000000000000000000000000000000000000000000000000000000000000000000000000000000000000000000000000000000000000000000000000000000
512 00000000000000000000000000000000000000000000000000000000000000000000000000000000000000000000000000000000000000000000000000000000
576 00000000000000000000000000000000000000000000000000000000000000000000000000000000000000000000000000000000000000000000000000000000
640 f30f1efa415741564155415455534883ec28488b0577150c004c8b35e0ee0b004885c00f84e7010000488b0d98150c00488d14cd000000004829ca488d14d048
640 00000000000000000000000000000000000000000000000000000000000000000000000000000000000000000000000000000000000000000000000000000000
704 39d07219e9c70100000f1f80000000004883c0384839d00f83b301000083380775ee4c8b6030488b5828bd4000000041bf01000000488b48204c8b4010488b05
704 00000000000000000000000000000000000000000000000000000000000000000000000000000000000000000000000000000000000000000000000000000000
704 00000000000000000000000000000000000000000000000000000000000000000000000000000000000000000000000000000000000000000000000000000000
768 ecdd0b004d03064983fc4048895c2410490f43ec31d248894c24084d89c5488d4403ff4801e848f7f5480fafc5488dbc05000900004889c3e8e3e904004889ee
768 00000000000000000000000000000000000000000000000000000000000000000000000000000000000000000000000000000000000000000000000000000000
768 00000000000000000000000000000000000000000000000000000000000000000000000000000000000000000000000000000000000000000000000000000000
832 48c705d50f0c003e00000048f7de488d4c05ff4821f14d85e44c89fe490f45f40f848a010000488b44241031d24889df4a8d4420ff48f7f6480fafc64989c748
832 00000000000000000000000000000000000000000000000000000000000000000000000000000000000000000000000000000000000000000000000000000000
832 00000000000000000000000000000000000000000000000000000000000000000000000000000000000000000000000000000000000000000000000000000000
896 29c7488b5424084801cf4c89ee48894c24184989865004000048893da00f0c0048c7059d0f0c0000000000e8b0dcffff488b4c2418bf02100000488d056f0f0c
896 00000000000000000000000000000000000000000000000000000000000000000000000000000000000000000000000000000000000000000000000000000000
960 00488d341948894608b89e000000488936488976100f0585c07415488d3dc62e0900e879810100660f1f840000000000488d0579fe0b00f30f7e4424084d89a6
960 00000000000000000000000000000000000000000000000000000000000000000000000000000000000000000000000000000000000000000000000000000000
1024 4004000048890515130c00488b05dedc0b000f164424104d89ae28040000498d44073f410f1186300400004883e0c04c893562fe0b004805000900004c893dbd
1024 00000000000000000000000000000000000000000000000000000000000000000000000000000000000000000000000000000000000000000000000000000000
1088 0e0c0049c786580400000100000048892db30e0c0048c70510fe0b004000000048c705a50e0c00010000004889057edc0b0048c705bb120c00010000004883c4
1088 00000000000000000000000000000000000000000000000000000000000000000000000000000000000000000000000000000000000000000000000000000000
1152 285b5d415c415d415e415fc30f1f4000488b0559dc0b004531ff4531e44531edbd40000000488d703f4889f34883e3c0488dbb40090000e864e804004889df48
1152 00000000000000000000000000000000000000000000000000000000000000000000000000000000000000000000000000000000000000000000000000000000
1216 c705560e0c003e00000048c744240800000000488d703f31c048c7442410000000004889f14883e1c0e994feffff66904c8b7c24104889dfbd400000004c89f8
1216 00000000000000000000000000000000000000000000000000000000000000000000000000000000000000000000000000000000000000000000000000000000
1280 4c29ffe97afeffff0f1f840000000000f30f1efa41574c8d3dc3ab0b0041564c8d35baab0b0041554d29fe4989d541544989f45589fd534883ec0849c1fe0374
1280 00000000000000000000000000000000000000000000000000000000000000000000000000000000000000000000000000000000000000000000000000000000
1344 1c31db0f1f4400004c89ea4c89e689ef41ff14df4883c3014939de75eb4c8d3d7cab0b004c8d3585ab0b00e890daffff4d29fe49c1fe03741c31db0f1f440000
1344 00000000000000000000000000000000000000000000000000000000000000000000000000000000000000000000000000000000000000000000000000000000
1408 4c89ea4c89e689ef41ff14df4883c3014939de75eb4883c4085b5d415c415d415e415fc366662e0f1f84000000000090f30f1efa55488d0544ab0b00488d2d2d
1408 00000000000000000000000000000000000000000000000000000000000000000000000000000000000000000000000000000000000000000000000000000000
1472 ab0b00534829e84883ec0848c1f8037415488d58ff0f1f00ff54dd004883eb014883fbff75f24883c4085b5de9b31b0900662e0f1f8400000000000f1f440000
1472 00000000000000000000000000000000000000000000000000000000000000000000000000000000000000000000000000000000000000000000000000000000
1536 f30f1efa41564989f641554189cd41544989d4554889fd534c89c34883ec2064488b042528000000488944241831c048833d31d90b0000740c31f6bf01000000
1536 00000000000000000000000000000000000000000000000000000000000000000000000000000000000000000000000000000000000000000000000000000000
1600 00000000000000000000000000000000000000000000000000000000000000000000000000000000000000000000000000000000000000000000000000000000
1600 e8bbc9bfff488d05912c09004885db0f84f3000000488b152cea0b00488d7c24104589e94d89e0488d35c7930a00488d0d682c0900803a00480f44ce488d7424
1664 00000000000000000000000000000000000000000000000000000000000000000000000000000000000000000000000000000000000000000000000000000000
1728 00000000000000000000000000000000000000000000000000000000000000000000000000000000000000000000000000000000000000000000000000000000
1792 00000000000000000000000000000000000000000000000000000000000000000000000000000000000000000000000000000000000000000000000000000000
1792 00000000000000000000000000000000000000000000000000000000000000000000000000000000000000000000000000000000000000000000000000000000
1856 00000000000000000000000000000000000000000000000000000000000000000000000000000000000000000000000000000000000000000000000000000000
1856 00000000000000000000000000000000000000000000000000000000000000000000000000000000000000000000000000000000000000000000000000000000
1920 00000000000000000000000000000000000000000000000000000000000000000000000000000000000000000000000000000000000000000000000000000000
1920 00000000000000000000000000000000000000000000000000000000000000000000000000000000000000000000000000000000000000000000000000000000
1984 00000000000000000000000000000000000000000000000000000000000000000000000000000000000000000000000000000000000000000000000000000000
1984 00000000000000000000000000000000000000000000000000000000000000000000000000000000000000000000000000000000000000000000000000000000
0 00000000000000000000000000000000000000000000000000000000000000000000000000000000000000000000000000000000000000000000000000000000
0 00000000000000000000000000000000000000000000000000000000000000000000000000000000000000000000000000000000000000000000000000000000
64 00000000000000000000000000000000000000000000000000000000000000000000000000000000000000000000000000000000000000000000000000000000
64 00000000000000000000000000000000000000000000000000000000000000000000000000000000000000000000000000000000000000000000000000000000
128 00000000000000000000000000000000000000000000000000000000000000000000000000000000000000000000000000000000000000000000000000000000
128 00000000000000000000000000000000000000000000000000000000000000000000000000000000000000000000000000000000000000000000000000000000
192 00000000000000000000000000000000000000000000000000000000000000000000000000000000000000000000000000000000000000000000000000000000
256 00000000000000000000000000000000000000000000000000000000000000000000000000000000000000000000000000000000000000000000000000000000
320 3da0380700e8d6e0ffff660f1f4400004157415641554154554889fd534883ec384c8b35b0e709004885f60f846f02000048393d98dd09004889f30f865f0100
320 00000000000000000000000000000000000000000000000000000000000000000000000000000000000000000000000000000000000000000000000000000000
320 00000000000000000000000000000000000000000000000000000000000000000000000000000000000000000000000000000000000000000000000000000000
384 00c60424004c89f2498d442e074c8d536048f7da4d89d74821d048894424104c8b6b60498b45084989c44983e4f84f8d5c25004d39fd75054d85e4741f4983fc
384 00000000000000000000000000000000000000000000000000000000000000000000000000000000000000000000000000000000000000000000000000000000
448 1f0f86bf060000a8010f84b7060000498d46ff4985c30f85aa0600004c8d55204d39e20f86bc060000488d05b0dd09004839c30f848f0200004c89d24d89e84c
448 00000000000000000000000000000000000000000000000000000000000000000000000000000000000000000000000000000000000000000000000000000000
512 29e24981e0000000fc4885d20f8e06010000488b05ffe609004d8b4810488d4c02ff48f7d84821c84a8d0c084881f9000000040f87df000000498b78184839f9
512 00000000000000000000000000000000000000000000000000000000000000000000000000000000000000000000000000000000000000000000000000000000
576 0f87aa0300004d89d74989481090498b4010488b8b880800004901c04801c14d29e84c29c94983c80148898b880800004d8945084c8b436048398b9008000073
576 00000000000000000000000000000000000000000000000000000000000000000000000000000000000000000000000000000000000000000000000000000000
640 0748898b90080000498b40084883e0f84939c70f87270100004889ee488d3dfddc0900498d0c284829e84883ce044839fb48894b60480f45ee4883c8014983c0
640 00000000000000000000000000000000000000000000000000000000000000000000000000000000000000000000000000000000000000000000000000000000
704 104883cd01498968f8488941084883c4384c89c05b5d415c415d415e415fc3908b0546dc090039053cdc09000f8d8ffeffff4c89f04d8d643e0748f7d84921c4
704 00000000000000000000000000000000000000000000000000000000000000000000000000000000000000000000000000000000000000000000000000000000
768 4c39e70f82bb050000c6042401e973feffff660f1f440000488b35e9db0900488d7d404c895424084c89442418e86edfffff4c8b5424084885c00f8490020000
768 00000000000000000000000000000000000000000000000000000000000000000000000000000000000000000000000000000000000000000000000000000000
832 00000000000000000000000000000000000000000000000000000000000000000000000000000000000000000000000000000000000000000000000000000000
896 00000000000000000000000000000000000000000000000000000000000000000000000000000000000000000000000000000000000000000000000000000000
960 00000000000000000000000000000000000000000000000000000000000000000000000000000000000000000000000000000000000000000000000000000000
1024 00000000000000000000000000000000000000000000000000000000000000000000000000000000000000000000000000000000000000000000000000000000
1088 00000000000000000000000000000000000000000000000000000000000000000000000000000000000000000000000000000000000000000000000000000000
1152 feffffebdf0f1f00498d46ff4d89d74d89f248890424488b056bda090049f7da498d74061f4801eef64304020f859e0000004c29e64c21d64989f60f8e8c0100
1152 00000000000000000000000000000000000000000000000000000000000000000000000000000000000000000000000000000000000000000000000000000000
1216 004c895424104c89f74c895c2408ff1564e309004989c0904885c04c8b5c24084c8b5424100f8455010000488b057eff09004885c00f854d030000488b0d26e3
1216 00000000000000000000000000000000000000000000000000000000000000000000000000000000000000000000000000000000000000000000000000000000
1280 0900488b053fda0900bf010000004c01f14885c00f845001000031c048890d05e309004d39c30f85440200004084ff0f843b0200004d01f44c8b05c1da090049
1280 00000000000000000000000000000000000000000000000000000000000000000000000000000000000000000000000000000000000000000000000000000000
1344 83cc014d896508e92cfdffff0f1f40004c21d64989f60f8f65ffffff4981fe00001000b8000010004c0f42f04c39f50f820b010000488b0dace209004c8b057d
1344 00000000000000000000000000000000000000000000000000000000000000000000000000000000000000000000000000000000000000000000000000000000
1408 da0900e9f0fcffff0f1f840000000000660f6f0528450700ba010000004c89ee4889df430f114425084983cc054d896508e8caf1ffff488b8b880800004c8b43
1408 00000000000000000000000000000000000000000000000000000000000000000000000000000000000000000000000000000000000000000000000000000000
1472 00000000000000000000000000000000000000000000000000000000000000000000000000000000000000000000000000000000000000000000000000000000
1536 00000000000000000000000000000000000000000000000000000000000000000000000000000000000000000000000000000000000000000000000000000000
1600 f6055dd90900020f850fffffff488b04244c01e04a8d34304c21d64989f6e9f9feffff0f1f44000031ff4c8905d7d80900e9a6feffff662e0f1f840000000000
1600 00000000000000000000000000000000000000000000000000000000000000000000000000000000000000000000000000000000000000000000000000000000
1664 4531c941b8ffffffff31ffb922000000ba030000004c89f64c895424104c895c2408e8a9df02004c8b5c24084c8b5424104883f8ff4989c00f84b7feffff830d
1664 00000000000000000000000000000000000000000000000000000000000000000000000000000000000000000000000000000000000000000000000000000000
1728 dfd80900024a8d04304d85c00f84a3feffff488b0d4fe109004c01f148833d64d8090000748248890d3be109004531f641f6c00f0f85f40100004c29c04c8905
1728 00000000000000000000000000000000000000000000000000000000000000000000000000000000000000000000000000000000000000000000000000000000
1792 fcd809004c01f04883c8014989400848890d12e109004d85e40f8459fbffff4983ec204983e4f04c89e04883c801498945084bc7442508110000004bc7442518
1792 00000000000000000000000000000000000000000000000000000000000000000000000000000000000000000000000000000000000000000000000000000000
1856 110000004983fc1f0f862afbffffba010000004c89ee488d3d43d80900e81ef0ffffe90efeffff660f1f840000000000f6052dd80900020f85a60100004d85e4
1856 00000000000000000000000000000000000000000000000000000000000000000000000000000000000000000000000000000000000000000000000000000000
1920 741e4d39c30f87e00100004d85e474104c89c04c29d84801c148890d88e009004c89c083e00f7468b9100000004829c1498d04084c01e148894424084a8d3431
1920 00000000000000000000000000000000000000000000000000000000000000000000000000000000000000000000000000000000000000000000000000000000
1984 488b3c24498d14304801d74829d14889f84c21d0488d3c084989fe4885ff0f8868010000ff154ee009004885c07431488b157afc09004885d2756d488b0d26e0
1984 00000000000000000000000000000000000000000000000000000000000000000000000000000000000000000000000000000000000000000000000000000000
0 09004c8b4424084c01f1e9ebfeffff904c894424084c89e1eba2660f1f44000031ffff1510e00900488b0df9df09004885c00f8444fdffff4c8b4424084531f6
0 00000000000000000000000000000000000000000000000000000000000000000000000000000000000000000000000000000000000000000000000000000000
0 00000000000000000000000000000000000000000000000000000000000000000000000000000000000000000000000000000000000000000000000000000000
64 e9b5feffff0f1f004c895424184c89442410ffd04c8b5c24084c8b4424104c8b542418e993fcffff48890424ffd2488b0db3df09004c8b442408488b04244c01
64 00000000000000000000000000000000000000000000000000000000000000000000000000000000000000000000000000000000000000000000000000000000
64 00000000000000000000000000000000000000000000000000000000000000000000000000000000000000000000000000000000000000000000000000000000
128 f1e974feffff488d0d9b410700ba4b090000488d3517300700488d3d003a0700e87bd9ffff488d0d7c410700ba51090000488d35f82f0700488d3d893a0700e8
128 00000000000000000000000000000000000000000000000000000000000000000000000000000000000000000000000000000000000000000000000000000000
128 00000000000000000000000000000000000000000000000000000000000000000000000000000000000000000000000000000000000000000000000000000000
192 00000000000000000000000000000000000000000000000000000000000000000000000000000000000000000000000000000000000000000000000000000000
192 00000000000000000000000000000000000000000000000000000000000000000000000000000000000000000000000000000000000000000000000000000000
256 00000000000000000000000000000000000000000000000000000000000000000000000000000000000000000000000000000000000000000000000000000000
256 00000000000000000000000000000000000000000000000000000000000000000000000000000000000000000000000000000000000000000000000000000000
320 00000000000000000000000000000000000000000000000000000000000000000000000000000000000000000000000000000000000000000000000000000000
320 00000000000000000000000000000000000000000000000000000000000000000000000000000000000000000000000000000000000000000000000000000000
384 00000000000000000000000000000000000000000000000000000000000000000000000000000000000000000000000000000000000000000000000000000000
384 00000000000000000000000000000000000000000000000000000000000000000000000000000000000000000000000000000000000000000000000000000000
448 4531f6e932fdffff0f1f8400000000004885f60f88070600004157488d4617415641554154554889f5534889fb4881ec880000004883f81f0f87020100004885
448 00000000000000000000000000000000000000000000000000000000000000000000000000000000000000000000000000000000000000000000000000000000
512 ff0f840106000048833da9fa09001f0f87db01000041be02000000b88000000041bd200000004801d84c8b4008488d48f04c39c10f846e030000498b50184c39
512 00000000000000000000000000000000000000000000000000000000000000000000000000000000000000000000000000000000000000000000000000000000
576 42100f85300a00004c8d0d51d509004b834c2808014889500848894a104c39cb7405498348080464488b3c25c8ffffff4885ff0f84e7020000498d75ef48c1ee
576 00000000000000000000000000000000000000000000000000000000000000000000000000000000000000000000000000000000000000000000000000000000
640 04483935c8d409000f86d20200004c8d34774c8b1dc7d409004c8d24f7450fb716410fb7f24c39de0f83b20200004839d10f84a9020000488b72184a834c2a08
640 00000000000000000000000000000000000000000000000000000000000000000000000000000000000000000000000000000000000000000000000000000000
704 00000000000000000000000000000000000000000000000000000000000000000000000000000000000000000000000000000000000000000000000000000000
768 4883e0f04989c54885ff0f84fe0400004189c641c1ee04483b059af909000f866c020000483dff0300000f86f00100004889c14889c74889c64989c748c1ee0c
768 00000000000000000000000000000000000000000000000000000000000000000000000000000000000000000000000000000000000000000000000000000000
832 49c1ef0fba0200000048c1e90648c1ef09458d5777488974245848c1e8124981fdffff0b004c897c2460448d5930480f47c24c89fa448d7e6e48894c24404889
832 00000000000000000000000000000000000000000000000000000000000000000000000000000000000000000000000000000000000000000000000000000000
896 7c2450448d487c4889f089fe44895c244c83c65b44894c2468448954246c44897c24708974247444895c24284883f930761e897424284883ff14761444897c24
896 00000000000000000000000000000000000000000000000000000000000000000000000000000000000000000000000000000000000000000000000000000000
960 284883f80a0f87950600000f1f4400008b430885c00f84220200004889dfe80dddffffe9150200000f1f840000000000b91000000041be0200000041bd200000
960 00000000000000000000000000000000000000000000000000000000000000000000000000000000000000000000000000000000000000000000000000000000
1024 0031c0488d3cc34c8b47104d85c00f840c0100004801d9648b042518000000498b501085c00f85cc00000048895710418b4008c1e8044439f00f853107000064
1024 00000000000000000000000000000000000000000000000000000000000000000000000000000000000000000000000000000000000000000000000000000000
1088 4c8b2425c8ffffff4d85e40f840f010000498d45ef48c1e804483905f0d209000f86fa000000410fb71444483b15eed209000f83e80000004d8d14c44d8d0c44
1088 00000000000000000000000000000000000000000000000000000000000000000000000000000000000000000000000000000000000000000000000000000000
1088 00000000000000000000000000000000000000000000000000000000000000000000000000000000000000000000000000000000000000000000000000000000
1152 4c89e3eb420f1f0048897710f3410f7e828000000066480f6eeb4883c210660f6cc50f110249899280000000410fb70183c001664189010fb7c0483b059fd209
1152 00000000000000000000000000000000000000000000000000000000000000000000000000000000000000000000000000000000000000000000000000000000
1152 00000000000000000000000000000000000000000000000000000000000000000000000000000000000000000000000000000000000000000000000000000000
1216 00000000000000000000000000000000000000000000000000000000000000000000000000000000000000000000000000000000000000000000000000000000
1216 00000000000000000000000000000000000000000000000000000000000000000000000000000000000000000000000000000000000000000000000000000000
1280 0000007401f0480fb1114c39c00f841cffffff4885c075d80f1f840000000000438d4436fe488d04c570000000e9f4fcffff660f1f440000488b70104889c248
1280 00000000000000000000000000000000000000000000000000000000000000000000000000000000000000000000000000000000000000000000000000000000
1280 00000000000000000000000000000000000000000000000000000000000000000000000000000000000000000000000000000000000000000000000000000000
1344 89d064833c2518000000007401f0480fb1314839d00f8431ffffff4885c075d88b354ef709004983c01085f60f85c60200004881c4880000004c89c05b5d415c
1344 000000000000000000000000000000000a000000000000000300000000000000010000000000000090210000e803000005000000000000000d88000000000000
1344 00000000000000000000000000000000000000000000000000000000000000000000000000000000000000000000000000000000000000000000000000000000
1408 415d415e415fc3660f1f840000000000418d46fe488d0cc510000000e962feffff0f1f80000000004c89e84c89ef448974242848c1e80648c1ef09c74424706e
1408 00000000000000000020000000000000000000000000000088d7ff6900000000000000000000000088d7ff690000000000000000000000002bf8fe6900000000
1408 00000000000000000000000000000000000000000000000000000000000000000000000000000000000000000000000000000000000000000000000000000000
1472 000000488944244083c03048897c245083c75b897c24748944244cc744246c77000000c74424687c00000048c74424600000000048c744245800000000498d45
1472 00000000000000000000000000000000000000000000000000000000000000000000000000000000000000000000000000000000000000000000000000000000
1472 00000000000000000000000000000000000000000000000000000000000000000000000000000000000000000000000000000000000000000000000000000000
1536 ef48c1e8044989c731c048894424106448833c25c8ffffff0074104c393d2ed10900490f47c5488944241048c7442408000000004c8d5b60448974244848896c
1536 00000000000000000000000000000000000000000000000000000000000000000000000000000000000000000000000000000000000000000000000000000000
1536 00000000000000000000000000000000000000000000000000000000000000000000000000000000000000000000000000000000000000000000000000000000
1600 24204c8b53784d39da0f8431030000488b3d12d10900488b0503d109004885ff0f9544242f31f64531c0644c8b2425c8ffffff4889442418498d452048894424
1600 00000000000000000000000000000000000000000000000000000000000000000000000000000000000000000000000000000000000000000000000000000000
1600 00000000000000000000000000000000000000000000000000000000000000000000000000000000000000000000000000000000000000000000000000000000
1664 384b8d04fc4f8d347c4889442430498b42084883e0f84d8d0c024883f8100f8654010000488b8b880800004839c10f8244010000498b51084883fa0f0f868e01
1664 00000000000000000000000000000000000000000000000000000000000000000000000000000000000000000000000000000000000000000000000000000000
1664 00000000000000000000000000000000000000000000000000000000000000000000000000000000000000000000000000000000000000000000000000000000
1728 00004839d10f8285010000498b094883e1f84839c10f85b5030000498b4a184c3b51100f85370300004d395a100f852d030000f6c2010f85640400004981fdff
1728 00000000000000000000000000000000000000000000000000000000000000000000000000000000000000000000000000000000000000000000000000000000
1728 00000000000000000000000000000000000000000000000000000000000000000000000000000000000000000000000000000000000000000000000000000000
1792 00000000000000000000000000000000000000000000000000000000000000000000000000000000000000000000000000000000000000000000000000000000
1792 00000000000000000000000000000000000000000000000000000000000000000000000000000000000000000000000000000000000000000000000000000000
1856 00000000000000000000000000000000000000000000000000000000000000000000000000000000000000000000000000000000000000000000000000000000
1856 00000000000000000000000000000000000000000000000000000000000000000000000000000000000000000000000000000000000000000000000000000000
1920 00000000000000000000000000000000000000000000000000000000000000000000000000000000000000000000000000000000000000000000000000000000
1920 00000000000000000000000000000000000000000000000000000000000000000000000000000000000000000000000000000000000000000000000000000000
1984 00000000000000000000000000000000000000000000000000000000000000000000000000000000000000000000000000000000000000000000000000000000
1984 00000000000000000000000000000000000000000000000000000000000000000000000000000000000000000000000000000000000000000000000000000000
0 00000000000000000000000000000000000000000000000000000000000000000000000000000000000000000000000000000000000000000000000000000000
0 00000000000000000000000000000000000000000000000000000000000000000000000000000000000000000000000000000000000000000000000000000000
64 00000000000000000000000000000000000000000000000000000000000000000000000000000000000000000000000000000000000000000000000000000000
64 00000000000000000000000000000000000000000000000000000000000000000000000000000000000000000000000000000000000000000000000000000000
128 00000000000000000000000000000000000000000000000000000000000000000000000000000000000000000000000000000000000000000000000000000000
128 00000000000000000000000000000000000000000000000000000000000000000000000000000000000000000000000000000000000000000000000000000000
192 00000000000000000000000000000000000000000000000000000000000000000000000000000000000000000000000000000000000000000000000000000000
192 00000000000000000000000000000000000000000000000000000000000000000000000000000000000000000000000000000000000000000000000000000000
256 00000000000000000000000000000000000000000000000000000000000000000000000000000000000000000000000000000000000000000000000000000000
256 00000000000000000000000000000000000000000000000000000000000000000000000000000000000000000000000000000000000000000000000000000000
320 00000000000000000000000000000000000000000000000000000000000000000000000000000000000000000000000000000000000000000000000000000000
320 00000000000000000000000000000000000000000000000000000000000000000000000000000000000000000000000000000000000000000000000000000000
384 4981fdff03000076238b4424288d4400fe488d44c370488b10488d48f04839ca740a4c396a080f83240500008b4424288d480101c089cf488d54c360c1ef0589
384 00000000000000000000000000000000000000000000000000000000000000000000000000000000000000000000000000000000000000000000000000000000
384 00000000000000000000000000000000000000000000000000000000000000000000000000000000000000000000000000000000000000000000000000000000
448 f88bb48360080000b801000000d3e09039f00f87a801000085c07518e99f0100000f1f80000000004883c21001c00f843404000085f074f0488b4a184839ca0f
448 00000000000000000000000000000000000000000000000000000000000000000000000000000000000000000000000000000000000000000000000000000000
448 00000000000000000000000000000000000000000000000000000000000000000000000000000000000000000000000000000000000000000000000000000000
512 850103000089c14883c21001c0f7d121ce89f989b48b60080000ebb40f1f4000488d3da9320700e854d0ffff0f1f40004c8b4c243083c0014d896218498b9180
512 00000000000000000000000000000000000000000000000000000000000000000000000000000000000000000000000000000000000000000000000000000000
512 00000000000000000000000000000000000000000000000000000000000000000000000000000000000000000000000000000000000000000000000000000000
576 000000498952104989ca4d89818000000066418906e975fdffff660f1f4400004883fa05450f42ca44894c2428e95ef9ffff660f1f44000066490f6ec24c89cd
576 00000000000000000000000000000000000000000000000000000000000000000000000000000000000000000000000000000000000000000000000000000000
576 00000000000000000000000000000000000000000000000000000000000000000000000000000000000000000000000000000000000000000000000000000000
640 00000000000000000000000000000000000000000000000000000000000000000000000000000000000000000000000000000000000000000000000000000000
640 00000000000000000000000000000000000000000000000000000000000000000000000000000000000000000000000000000000000000000000000000000000
704 00000000000000000000000000000000000000000000000000000000000000000000000000000000000000000000000000000000000000000000000000000000
704 00000000000000000000000000000000000000000000000000000000000000000000000000000000000000000000000000000000000000000000000000000000
768 00000000000000000000000000000000000000000000000000000000000000000000000000000000000000000000000000000000000000000000000000000000
768 00000000000000000000000000000000000000000000000000000000000000000000000000000000000000000000000000000000000000000000000000000000
832 00000000000000000000000000000000000000000000000000000000000000000000000000000000000000000000000000000000000000000000000000000000
832 00000000000000000000000000000000000000000000000000000000000000000000000000000000000000000000000000000000000000000000000000000000
896 8d470183ff03743d89c28bb4936008000085f60f853e0200008d470283ff02742489c28bb4936008000085f60f852502000083ff01740e8bb36c08000085f60f
896 00000000000000000000000000000000000000000000000000000000000000000000000000000000000000000000000000000000000000000000000000000000
896 00000000000000000000000000000000000000000000000000000000000000000000000000000000000000000000000000000000000000000000000000000000
960 00000000000000000000000000000000000000000000000000000000000000000000000000000000000000000000000000000000000000000000000000000000
960 85430200004c8b4360498b40084883e0f8483983880800000f8212020000498d55204839c20f865c0200004c895c24188b430885c00f849a0200004889dfe8ed
960 00000000000000000000000000000000000000000000000000000000000000000000000000000000000000000000000000000000000000000000000000000000
1024 00000000000000000000000000000000000000000000000000000000000000003033000000000000000000000000000000000000000000000000000000000000
1024 d4ffff8b4424484c8b5c24184981fdff030000894424280f8625faffff8b44244c48837c244030894424280f8611faffff8b44247448837c245014894424280f
1024 00000000000000000000000000000000000000000000000000000000000000000000000000000000000000000000000000000000000000000000000000000000
1088 000000007838365f3634000000000000000000000000000000000000000000000000000000000000b11d45000000000000000000000000008008000000000000
1088 86fdf9ffff8b44247048837c24580a894424280f86e9f9ffff8b44246c48837c2460040f4744246889442428e9d1f9ffff0f1f8000000000488d3d992f0700e8
1088 00000000000000000000000000000000000000000000000000000000000000000000000000000000000000000000000000000000000000000000000000000000
1152 08000000000000000000000000000000000000000000000000000000000000000000000000000000000000000000000000000000000000000000000000000000
1152 00000000000000000000000000000000000000000000000000000000000000000000000000000000000000000000000000000000000000000000000000000000
1216 00000000000000000000000000000000000000000000000000000000000000000000000000000000000000000000000000000000000000000000000000000000
1216 00000000000000000000000000000000000000000000000000000000000000000000000000000000000000000000000000000000000000000000000000000000
1280 00000000000000000000000000000000000000000000000000000000000000000000000000000000000000000000000000000000000000000000000000000000
1280 00000000000000000000000000000000000000000000000000000000000000000000000000000000000000000000000000000000000000000000000000000000
1344 00000000000000000000000000000000000000000000000000000000000000000000000000000000000000000000000000000000000000000000000000000000
1344 00000000000000000000000000000000000000000000000000000000000000000000000000000000000000000000000000000000000000000000000000000000
1408 00000000000000000000000000000000000000000000000000000000000000000000000000000000000000000000000000000000000000000000000000000000
1408 00000000000000000000000000000000000000000000000000000000000000000000000000000000000000000000000000000000000000000000000000000000
1472 00000000000000000000000000000000000000000000000000000000000000000000000000000000000000000000000000000000000000000000000000000000
1472 00000000000000000000000000000000000000000000000000000000000000000000000000000000000000000000000000000000000000000000000000000000
1536 00000000000000000000000000000000010000000000000080efffffff7f0000000000000000000000000000000000002100000000000000000060ffffffffff
1536 00000000000000000000000000000000000000000000000000000000000000000000000000000000000000000000000000000000000000000000000000000000
1600 1000000000000000fffb8b0700000000060000000000000000100000000000001100000000000000640000000000000003000000000000004000400000000000
1600 0700e8d9cbffff488d1552c909004c29e84b8d0c28488b6c24204839d348894b600f95c24883c8014983c0100fb6d248c1e2024c09ea4883ca01498950f84889
1600 00000000000000000000000000000000000000000000000000000000000000000000000000000000000000000000000000000000000000000000000000000000
1664 0400000000000000380000000000000005000000000000000a000000000000000700000000000000000000000000000008000000000000000000000000000000
1664 41088b052cee090085c00f84e2f6ffffe9a6fcffff4889de4c89ef488b6c2420e8abeaffff4989c04885c00f84a7fcffff8b05fded090085c00f84b3f6ffffe9
1664 00000000000000000000000000000000000000000000000000000000000000000000000000000000000000000000000000000000000000000000000000000000
1728 0900000000000000101c4000000000000b0000000000000064000000000000000c0000000000000064000000000000000d000000000000006400000000000000
1728 77fcffff488d3d352f0700e8b0cbffff488b6c24204c8b7228eb044d8b7628498b56084989d74983e7f84d39ef72ec4c397008740c498b4610483b50084c0f44
1728 00000000000000000000000000000000000000000000000000000000000000000000000000000000000000000000000000000000000000000000000000000000
1792 0e00000000000000640000000000000017000000000000000000000000000000190000000000000069efffffff7f00001f0000000000000018eeffffff7f0000
1792 f04d89fc4c89f74c895c2408e8ffd0ffff4d29ec4c8b5c24084983fc1f0f86cc000000488b43704b8d142e4c3958180f85ae00000066480f6ec066490f6edb66
1792 00000000000000000000000000000000000000000000000000000000000000000000000000000000000000000000000000000000000000000000000000000000
1856 0f0000000000000079efffffff7f000000000000000000000000000000000000000000000000000000000000000000000000000000000000007838365f363400
1856 00000000000000000000000000000000000000000000000000000000000000000000000000000000000000000000000000000000000000000000000000000000
1920 2f686f6d652f736f6d616e692f4543453735372d44656c746143616368652f7838362d6d61747269782d6d756c7469706c792d3230323230383236002f686f6d
1920 00000000000000000000000000000000000000000000000000000000000000000000000000000000000000000000000000000000000000000000000000000000
1984 00000000000000000000000000000000000000000000000000000000000000000000000000000000000000000000000000000000000000000000000000000000
0 48c7c0600000000f05c3000000000000000000000000000000000000000000000000000000000000000000000000000000000000000000000000000000000000
64 00e8dac9ffff662e0f1f84000000000048c7c0d8ffffff5564488b284885ed0f848b000000648b04251800000085c00f85eb000000ba010000000fb15500be80
128 0200004889efe845f1ffff4989c04885c00f8499000000648b04251800000085c00f85d9000000836d00014d85c07435644c890425c8ffffff498d780831c048
192 83e7f849c7000000000049c78078020000000000004929f8418d8880020000c1e903f348ab5dc3660f1f840000000000e88bcdffff4889c54885c0758131f6bf
256 80020000e847d1ffffbe800200004889c74889c5e8b7f0ffff4989c04885c0752f4885ed7485662e0f1f8400000000004889efbe80020000e8b3d6ffffbe8002
320 00004889c74889c5e883f0ffff4989c04885ed0f8452ffffffe939ffffff669031c0ba01000000f00fb155000f840cffffff4889efe816c4ffffe9fffeffff90
512 f30f1efa48c7c0e0ffffff644803042500000000c366662e0f1f840000000000f30f1efa48c7c0a0ffffff48c7c1f0ffffff64488b00488b00488b7040488d96
576 0001000064488911488b784848c7c1e8ffffff488d970002000064488911488b405848c7c2e0ffffff48050002000064488902c3662e0f1f8400000000006690
640 f30f1efa4883ec1889f864488b142528000000488954240831d2d97c24060fb77c240666253f0f6681e7c0f009c766897c2406d96c2406488b44240864483304
704 252800000075054883c418c3e85ff7feff662e0f1f8400000000000f1f440000f30f1efa48891f4889e864483304253000000048c1c011488947084c8967104c
768 896f184c8977204c897f28488d54240864483314253000000048c1c21148895730488b04249064483304253000000048c1c0114889473831c0f3480f1ec84889
832 4758e909000000660f1f840000000000f30f1efa534889fb85f6750c89734031c05bc30f1f44000031f6488d574831ffe85b02000031f685c0400f94c631c089
896 73405bc3662e0f1f84000000000066909066662e0f1f8400000000000f1f400048c7c00f0000000f050f1f8000000000f30f1efa4881ec480100004989d06448
960 8b042528000000488984243801000031c04885f60f8476010000488b06f30f6f4608488d9424a0000000f30f6f4e18f30f6f5628f30f6f5e38f30f6f66484889
1856 488d3569190700488d3d22270700e8cdc2ffff66662e0f1f840000000000669055488d0d38c00900488d51604883ec1064488b042528000000488944240831c0
1920 48c7c0d8ffffffc70553bf090000000000644889084889d04881c1500800009066480f6ec04883c010660f6cc00f29004839c875eb48c705f8e4090080000000
1984 4889e5bf19000000c705d6bf0900000000004889ee48891524c00900488d150dd1ffffe878f90200488d1581c1ffff4889eebf08000000e864f90200488d15dd
0 c1ffff4889eebf02000000e850f90200488d1579c1ffff4889eebf13000000e83cf90200488d1525c1ffff4889eebf01000000e828f90200488d1581c1ffff48
64 89eebf0c000000e814f90200488d157dbdffff4889eebf12000000e800f90200488d1579bdffff4889eebf16000000e8ecf80200488d1575bdffff4889eebf18
128 000000e8d8f80200488d15a1bdffff4889eebf15000000e8c4f80200488d15adbdffff4889eebf0e000000e8b0f80200488d1539c1ffff4889eebf06000000e8
192 9cf80200c70516be090001000000488b44240864483304252800000075064883c4105dc3e847f102000f1f8000000000f30f1efa4889fe4883c6010f82ac0100
256 00534889fb4883ec10648b04251800000085c00f851f010000ba010000000fb1157bbe0900488b05d4be0900488d15cdbe09004839d0744a488b5008f6c2020f
320 855c0100004889d14883e1f84883f91f0f864b01000083e2010f8442010000f6053ebe090002751a488b15b9c609004801c8480315cfbd09004839d00f851f01
832 00000000000000000000000000000000000000000000000000000000000000000000000000000000000000000000000000000000000000000000000000000000
384 8d3d49110700e8f5b8ffff0f1f440000f30f1efa8b054ab50900415448c705e9b5090000000000554889fd5385c00f882c01000031c04885c00f853601000048
448 85ed0f8850010000488d451731db4883f81f777c64488b0425c8ffffff4885c00f848200000048391d63b509000f87ad000000648b04251800000085c00f8535
448 4c09c84c09c0660febc2660fd7c848c1e1304809c889f928d148d3e84885c00f854bffffffe998feffff660f1f440000f30f1efa660f6ece89f825ff0f000066
512 0100004889ee488d3d93b50900e8bedfffff4989c04885c00f84ea000000488b40f8a802751ea804741a498d40f0488d156bb509004825000000fc4839100f85
512 0f60c93dc00f0000660f61c9660f70c9000f8f49010000f30f6f07660fefdb660f6fe0660f74c1660f74e3660febc4660fd7c085c074090fbcc0488d0407c390
576 620200005b4c89c05d415cc30f1f40004883e0f0488d58ef48c1eb04e973ffffff0f1f800000000064803c25d0ffffff000f857cffffffe8d4edffff48391dcd
576 f30f6f4710660f6fe0660f74c1660f74e3660febc4660fd7c8f30f6f4720660f6fe0660f74c148c1e110660f74e3660febc4660fd7c0f30f6f4730660f74d848
640 b409000f866affffff64488b0425c8ffffff4885c00f8458ffffff0f1f440000488d0c580fb7116685d20f8443ffffff488d04d883ea014c8b8080000000498b
640 c1e020660f74c14809c8660febc3660fd7c848c1e1304809c84885c00f85ae00000066662e0f1f8400000000000f1f00660feff64883e7c04883c740660f6f2f
704 304889b08000000066891149c7400800000000e96cffffff0f1f840000000000e87bf4ffff488b05a4b409004885c00f84cafeffff488b7424184889ef5b5d41
768 5cffe00f1f4400004531c05b5d4c89c0415cc30f1f44000048c7c0c0ffffff4531c064c7000c0000004c89c05b5d415cc30f1f800000000048c7c0d8ffffff64
832 4c8b204d85e40f84c4000000648b04251800000085c00f8594000000ba01000000410fb114244889ee4c89e7e85fdeffff4989c04885c00f84d3000000648b04
1856 89053ab00900c3660f1f840000000000f30f1efa4154488b0533b00900554889fd534885c00f85550100004885ff0f882c010000488d471731db4883f81f0f87
1920 7c00000064488b0425c8ffffff4885c00f8482000000483b1db3af09000f82ad000000648b04251800000085c00f851d0100004889ee488d3de3af0900e80eda
1984 ffff4989c04885c00f84c2000000488b40f8a802751ea804741a498d40f0488d15bbaf09004825000000fc4839100f85420200005b4c89c05d415cc30f1f4000
0 00000000000000000000000000000000000000000000000000000000000000000000000000000000000000000000000000000000000000000000000000000000
0 c5fdd7c385c075d8c5fdd7c485c0f30fbcc04883c0604801f8c5f877c30f1f00f30f1efa660fefc0660fefc9660fefd2660fefdb4889f84889f94881e1ff0f00
0 4883e0f0488d58ef48c1eb04e973ffffff0f1f800000000064803c25d0ffffff000f857cffffffe824e8ffff48391d1daf09000f866affffff64488b0425c8ff
64 00000000000000000000000000000000000000000000000000000000000000000000000000000000000000000000000000000000000000000000000000000000
64 004881f9cf0f00007766f30f6f20660f74e0660fd7d485d274040fbcc2c34883e0f0660f744810660f745020660f745830660fd7d166440fd7c2660fd7cb48c1
64 ffff4885c00f8458ffffff0f1f440000488d0c580fb7116685d20f8443ffffff488d04d883ea014c8b8080000000498b304889b08000000066891149c7400800
128 00000000000000000000000000000000000000000000000000000000000000000000000000000000000000000000000000000000000000000000000000000000
128 e21048c1e1104c09c148c1e1204809ca4889f94831c14883e0c048d3fa4885d2747e480fbcc2c3660f1f8400000000004883e0c0660f7400660f744810660f74
128 000000e96cffffff0f1f8400000000004531c05b5d4c89c0415cc30f1f44000048c7c0c0ffffff4531c064c7000c0000004c89c05b5d415cc30f1f8000000000
192 00000000000000000000000000000000000000000000000000000000000000000000000000000000000000000000000000000000000000000000000000000000
192 488b7424185b5d415cffe00f1f44000048c7c0d8ffffff644c8b204d85e40f84bc000000648b04251800000085c00f858c000000ba01000000410fb114244889
192 5020660f745830660fd7f0660fd7d166440fd7c2660fd7cb48c1e21048c1e1104809f24c09c148c1e1204809ca4889f94831c14883e0c048d3fa4885d2741148
256 ee4c89e7e8c7d8ffff4989c04885c00f84cb000000648b04251800000085c00f85e600000041832c24014d85c00f845dffffff498b40f8a8020f85b5feffff48
256 0fbcc2c366662e0f1f84000000000090660fefc9660fefd2660fefdb0f1f4000660f6f4040660fda4050660fda4060660fda4070660f74c3660fd7d085d27530
832 00000000000000000000000000000000000000000000000000000000000000000000000000000000000000000000000000000000000000000000000000000000
896 00000000000000000000000000000000000000000000000000000000000000000000000000000000000000000000000000000000000000000000000000000000
1920 00000000000000000000000000000000000000000000000000000000000000000000000000000000000000000000000000000000000000000000000000000000
1984 00000000000000000000000000000000000000000000000000000000000000000000000000000000000000000000000000000000000000000000000000000000
0 00000000000000000000000000000000000000000000000000000000000000000000000000000000000000000000000000000000000000000000000000000000
64 00000000000000000000000000000000000000000000000000000000000000000000000000000000000000000000000000000000000000000000000000000000
128 00000000000000000000000000000000000000000000000000000000000000000000000000000000000000000000000000000000000000000000000000000000
192 00000000000000000000000000000000000000000000000000000000000000000000000000000000000000000000000000000000000000000000000000000000
256 00000000000000000000000000000000000000000000000000000000000000000000000000000000000000000000000000000000000000000000000000000000
320 00000000000000000000000000000000000000000000000000000000000000000000000000000000000000000000000000000000000000000000000000000000
384 00000000000000000000000000000000000000000000000000000000000000000000000000000000000000000000000000000000000000000000000000000000
448 00000000000000000000000000000000000000000000000000000000000000000000000000000000000000000000000000000000000000000000000000000000
512 00000000000000000000000000000000000000000000000000000000000000000000000000000000000000000000000000000000000000000000000000000000
576 00000000000000000000000000000000000000000000000000000000000000000000000000000000000000000000000000000000000000000000000000000000
640 00000000000000000000000000000000000000000000000000000000000000000000000000000000000000000000000000000000000000000000000000000000
704 00000000000000000000000000000000000000000000000000000000000000000000000000000000000000000000000000000000000000000000000000000000
704 f30f1efa4989c831c9e9d2faffff6690f30f1efa4989f085c9488d35202e0400488d05d92d0400480f44f083fa0a747083fa10742b89d183fa0874444889f831
768 00000000000000000000000000000000000000000000000000000000000000000000000000000000000000000000000000000000000000000000000000000000
768 d24983e80148f7f10fb614164188104889fa4889c74839ca73e24c89c0c366904889f84983e80183e00f0fb604064188004889f848c1ef044883f80f77e2ebda
832 00000000000000000000000000000000000000000000000000000000000000000000000000000000000000000000000000000000000000000000000000000000
832 4889f84983e80183e0070fb604064188004889f848c1ef034883f80777e2ebba48b9cdcccccccccccccc660f1f4400004889f84989f94983e80148f7e148c1ea
896 00000000000000000000000000000000000000000000000000000000000000000000000000000000000000000000000000000000000000000000000000000000
896 03488d04924801c04929c1420fb6040e4188004889f84889d74883f80977d14c89c0c366662e0f1f8400000000006690f30f1efa4883ec384989f364488b0425
960 00000000000000000000000000000000000000000000000000000000000000000000000000000000000000000000000000000000000000000000000000000000
960 28000000488944242831c04c8d5424204c89d6e8f8feffff4c39d00f839f0100004889c64889c1488d44241f4829f04883f80e0f8677010000488d460f4c29d8
1024 00000000000000000000000000000000000000000000000000000000000000000000000000000000000000000000000000000000000000000000000000000000
1024 4883f81e0f86660100004c89d731c04829f74889fa4883e2f00f1f8000000000f30f6f0406410f1104034883c0104839d075ed4889fa4883e2f0498d04134801
1088 00000000000000000000000000000000000000000000000000000000000000000000000000000000000000000000000000000000000000000000000000000000
1152 00000000000000000000000000000000000000000000000000000000000000000000000000000000000000000000000000000000000000000000000000000000
1216 00000000000000000000000000000000000000000000000000000000000000000000000000000000000000000000000000000000000000000000000000000000
1280 00000000000000000000000000000000000000000000000000000000000000000000000000000000000000000000000000000000000000000000000000000000
1344 00000000000000000000000000000000000000000000000000000000000000000000000000000000000000000000000000000000000000000000000000000000
1408 00000000000000000000000000000000000000000000000000000000000000000000000000000000000000000000000000000000000000000000000000000000
1472 00000000000000000000000000000000000000000000000000000000000000000000000000000000000000000000000000000000000000000000000000000000
1536 00000000000000000000000000000000000000000000000000000000000000000000000000000000000000000000000000000000000000000000000000000000
1600 00000000000000000000000000000000000000000000000000000000000000000000000000000000000000000000000000000000000000000000000000000000
1664 00000000000000000000000000000000000000000000000000000000000000000000000000000000000000000000000000000000000000000000000000000000
1728 00000000000000000000000000000000000000000000000000000000000000000000000000000000000000000000000000000000000000000000000000000000
1792 00000000000000000000000000000000000000000000000000000000000000000000000000000000000000000000000000000000000000000000000000000000
1856 00000000000000000000000000000000000000000000000000000000000000000000000000000000000000000000000000000000000000000000000000000000
1920 00000000000000000000000000000000000000000000000000000000000000000000000000000000000000000000000000000000000000000000000000000000
1984 00000000000000000000000000000000000000000000000000000000000000000000000000000000000000000000000000000000000000000000000000000000
0 00000000000000000000000000000000000000000000000000000000000000000000000000000000000000000000000000000000000000000000000000000000
64 00000000000000000000000000000000000000000000000000000000000000000000000000000000000000000000000000000000000000000000000000000000
128 00000000000000000000000000000000000000000000000000000000000000000000000000000000000000000000000000000000000000000000000000000000
192 00000000000000000000000000000000000000000000000000000000000000000000000000000000000000000000000000000000000000000000000000000000
256 00000000000000000000000000000000000000000000000000000000000000000000000000000000000000000000000000000000000000000000000000000000
320 00000000000000000000000000000000000000000000000000000000000000000000000000000000000000000000000000000000000000000000000000000000
384 00000000000000000000000000000000000000000000000000000000000000000000000000000000000000000000000000000000000000000000000000000000
448 00000000000000000000000000000000000000000000000000000000000000000000000000000000000000000000000000000000000000000000000000000000
512 00000000000000000000000000000000000000000000000000000000000000000000000000000000000000000000000000000000000000000000000000000000
576 00000000000000000000000000000000000000000000000000000000000000000000000000000000000000000000000000000000000000000000000000000000
640 00000000000000000000000000000000000000000000000000000000000000000000000000000000000000000000000000000000000000000000000000000000
704 00000000000000000000000000000000000000000000000000000000000000000000000000000000000000000000000000000000000000000000000000000000
768 00000000000000000000000000000000000000000000000000000000000000000000000000000000000000000000000000000000000000000000000000000000
832 00000000000000000000000000000000000000000000000000000000000000000000000000000000000000000000000000000000000000000000000000000000
896 00000000000000000000000000000000000000000000000000000000000000000000000000000000000000000000000000000000000000000000000000000000
960 00000000000000000000000000000000000000000000000000000000000000000000000000000000000000000000000000000000000000000000000000000000
1024 00000000000000000000000000000000000000000000000000000000000000002f686f6d652f736f6d616e692f4543453735372d44656c746143616368652f78
1088 38362d6d61747269782d6d756c7469706c792d323032323038323600000000000000000000000000000000000000000000000000000000000000000000000000
1152 00000000000000000000000000000000000000000000000000000000000000000000000000000000000000000000000000000000000000000000000000000000
1216 00000000000000000000000000000000000000000000000000000000000000000000000000000000000000000000000000000000000000000000000000000000
1280 00000000000000000000000000000000000000000000000000000000000000000000000000000000000000000000000000000000000000000000000000000000
1344 00000000000000000000000000000000000000000000000000000000000000000000000000000000000000000000000000000000000000000000000000000000
1408 00000000000000000000000000000000000000000000000000000000000000000000000000000000000000000000000000000000000000000000000000000000
1472 00000000000000000000000000000000000000000000000000000000000000000000000000000000000000000000000000000000000000000000000000000000
1536 00000000000000000000000000000000000000000000000000000000000000000000000000000000000000000000000000000000000000000000000000000000
1600 f30f1efaf605dfbe030010488d151e010000488d0567000000480f45c2c36690f30f1efa4154534883ec084c8b274d85e4741d4889fb4c89e7e8e292f7ff4c01
1600 00000000000000000000000000000000000000000000000000000000000000000000000000000000000000000000000000000000000000000000000000000000
1664 e0803800741ac600004883c0014889034883c4084c89e05b415cc30f1f44000048c703000000004883c4084c89e05b415cc3662e0f1f8400000000000f1f4000
1664 00000000000000000000000000000000000000000000000000000000000000000000000000000000000000000000000000000000000000000000000000000000
1728 00000000000000000000000000000000000000000000000000000000000000000000000000000000000000000000000000000000000000000000000000000000
1792 00000000000000000000000000000000000000000000000000000000000000000000000000000000000000000000000000000000000000000000000000000000
1856 00000000000000000000000000000000000000000000000000000000000000000000000000000000000000000000000000000000000000000000000000000000
1920 00000000000000000000000000000000000000000000000000000000000000000000000000000000000000000000000000000000000000000000000000000000
1984 00000000000000000000000000000000000000000000000000000000000000000000000000000000000000000000000000000000000000000000000000000000
64 ff4889fde959fdffff0f1f8000000000f30f1efa41554889f8415455534883ec0848f7e64989c40f90c04d85e40f886d0100000fb6c04885c00f856101000048
128 8b050a9709004885c00f85810100006448833c25c8ffffff000f84f1010000648b04251800000085c00f85010200004c8b2d4a970900488d2de3960900498b5d
192 084883e3f84c89e64889efe800c1ffff4989c04885c0740c488b40f8a8020f849c000000648b04251800000085c00f854c0100004d85c00f8403010000498b50
256 f88b05adbb0900f6c202741c85c00f851c0200004883c4084c89c05b5d415c415dc3660f1f4400004883e2f885c00f848c0000004883ea084883fa170f867402
320 00004883fa4f0f87cc010000660fefc049c7401000000000410f11004883fa2776b2410f1140184883fa3776a7410f1140284883fa47769c410f114038eb9590
384 488d1519960900a804740d498d40f04825000000fc488b104839ea0f8443ffffff488d0dd0ff0600ba660d0000488d35fcee0600488d3dd5fe0600e86098ffff
448 00000000000000000000000000000000000000000000000000000000000000000000000000000000000000000000000000000000000000000000000000000000
448 498d40f04939c50f8567ffffff4839d3480f42d3e95bffffff0f1f800000000048c7c0c0ffffff4531c064c7000c0000004883c4084c89c05b5d415c415dc390
512 00000000000000000000000000000000000000000000000000000000000000000000000000000000000000000000000000000000000000000000000000000000
512 4531c0e90cffffff0f1f840000000000488b7424284c89e7ffd04c89e231f64889c74885c074d94883c4085b5d415c415de9da8efdff662e0f1f840000000000
576 00000000000000000000000000000000000000000000000000000000000000000000000000000000000000000000000000000000000000000000000000000000
576 4d85c075264885ed0f84a6feffff904889ef4c89e6e896a5ffff4c89e64889c74889c5e868bfffff4989c04885ed0f8480feffff648b04251800000085c00f85
640 00000000000000000000000000000000000000000000000000000000000000000000000000000000000000000000000000000000000000000000000000000000
704 00000000000000000000000000000000000000000000000000000000000000000000000000000000000000000000000000000000000000000000000000000000
768 00000000000000000000000000000000000000000000000000000000000000000000000000000000000000000000000000000000000000000000000000000000
768 00fc480340184c29e84839c3480f42d8e9b0fdffff0f1f004c89c731f6e8ee8dfdff4989c0e9eafdffff660f1f4400004c89e231f64c89c7e9eafeffff0f1f00
832 00000000000000000000000000000000000000000000000000000000000000000000000000000000000000000000000000000000000000000000000000000000
832 e83b9bffff4889c54885c0759031f64c89e7e8f99effff4889c54885c00f857affffff4531ed31dbe958fdffff31c0ba01000000f00fb155000f845effffff48
896 00000000000000000000000000000000000000000000000000000000000000000000000000000000000000000000000000000000000000000000000000000000
896 89efe80992ffffe951ffffff31c087450083f8010f8e5afdffff4531d2ba01000000be810000004889efb8ca0000000f05e93efdffff488d0dbbfd0600ba950d
960 00000000000000000000000000000000000000000000000000000000000000000000000000000000000000000000000000000000000000000000000000000000
1024 00000000000000000000000000000000000000000000000000000000000000000000000000000000000000000000000000000000000000000000000000000000
1088 00000000000000000000000000000000000000000000000000000000000000000000000000000000000000000000000000000000000000000000000000000000
1152 00000000000000000000000000000000000000000000000000000000000000000000000000000000000000000000000000000000000000000000000000000000
1216 00000000000000000000000000000000000000000000000000000000000000000000000000000000000000000000000000000000000000000000000000000000
1280 00000000000000000000000000000000000000000000000000000000000000000000000000000000000000000000000000000000000000000000000000000000
1344 00000000000000000000000000000000000000000000000000000000000000000000000000000000000000000000000000000000000000000000000000000000
1408 00000000000000000000000000000000000000000000000000000000000000000000000000000000000000000000000000000000000000000000000000000000
1472 00000000000000000000000000000000000000000000000000000000000000000000000000000000000000000000000000000000000000000000000000000000
1536 00000000000000000000000000000000000000000000000000000000000000000000000000000000000000000000000000000000000000000000000000000000
1600 00000000000000000000000000000000000000000000000000000000000000000000000000000000000000000000000000000000000000000000000000000000
1664 00000000000000000000000000000000000000000000000000000000000000000000000000000000000000000000000000000000000000000000000000000000
1728 00000000000000000000000000000000000000000000000000000000000000000000000000000000000000000000000000000000000000000000000000000000
1792 00000000000000000000000000000000000000000000000000000000000000000000000000000000000000000000000000000000000000000000000000000000
1856 00000000000000000000000000000000000000000000000000000000000000000000000000000000000000000000000000000000000000000000000000000000
1920 00000000000000000000000000000000000000000000000000000000000000000000000000000000000000000000000000000000000000000000000000000000
1984 00000000000000000000000000000000000000000000000000000000000000000000000000000000000000000000000000000000000000000000000000000000
0 00000000000000000000000000000000000000000000000000000000000000000000000000000000000000000000000000000000000000000000000000000000
64 00000000000000000000000000000000000000000000000000000000000000000000000000000000000000000000000000000000000000000000000000000000
128 00000000000000000000000000000000000000000000000000000000000000000000000000000000000000000000000000000000000000000000000000000000
192 00000000000000000000000000000000000000000000000000000000000000000000000000000000000000000000000000000000000000000000000000000000
256 00000000000000000000000000000000000000000000000000000000000000000000000000000000000000000000000000000000000000000000000000000000
320 00000000000000000000000000000000000000000000000000000000000000000000000000000000000000000000000000000000000000000000000000000000
384 00000000000000000000000000000000000000000000000000000000000000000000000000000000000000000000000000000000000000000000000000000000
448 00000000000000000000000000000000000000000000000000000000000000000000000000000000000000000000000000000000000000000000000000000000
512 00000000000000000000000000000000000000000000000000000000000000000000000000000000000000000000000000000000000000000000000000000000
576 00000000000000000000000000000000000000000000000000000000000000000000000000000000000000000000000000000000000000000000000000000000
640 00000000000000000000000000000000000000000000000000000000000000000000000000000000000000000000000000000000000000000000000000000000
704 00000000000000000000000000000000000000000000000000000000000000000000000000000000000000000000000000000000000000000000000000000000
768 00000000000000000000000000000000000000000000000000000000000000000000000000000000000000000000000000000000000000000000000000000000
832 00000000000000000000000000000000000000000000000000000000000000000000000000000000000000000000000000000000000000000000000000000000
896 00000000000000000000000000000000000000000000000000000000000000000000000000000000000000000000000000000000000000000000000000000000
0 00000000000000000000000000000000000000000000000000000000000000000000000000000000000000000000000000000000000000000000000000000000
64 00000000000000000000000000000000000000000000000000000000000000000000000000000000000000000000000000000000000000000000000000000000
128 b816000000c3662e0f1f840000000000e8cbc6ffffebcf660f1f840000000000f30f1efa4883ec08e8738c0200ba000000004883f8ff480f44c24883c408c390
128 00000000000000000000000000000000000000000000000000000000000000000000000000000000000000000000000000000000000000000000000000000000
192 f30f1efa41564c8d77104155415455534c8b6f084889fb4c8b274b8d6c2d004d39f474344939ed77574889ee4c89e7e84ce3ffff4889c14885c0746c48890bb8
192 00000000000000000000000000000000000000000000000000000000000000000000000000000000000000000000000000000000000000000000000000000000
256 0100000048896b085b5d415c415d415ec30f1f80000000004889efe830d6ffff4885c074484c89ea4c89e64889c7e82d7ffdff4889c1ebc40f1f840000000000
256 00000000000000000000000000000000000000000000000000000000000000000000000000000000000000000000000000000000000000000000000000000000
320 00000000000000000000000000000000000000000000000000000000000000000000000000000000000000000000000000000000000000000000000000000000
384 00000000000000000000000000000000000000000000000000000000000000000000000000000000000000000000000000000000000000000000000000000000
448 00000000000000000000000000000000000000000000000000000000000000000000000000000000000000000000000000000000000000000000000000000000
512 ff48c7c0c0ffffff48892b48c743080004000064c7000c00000031c05b5d415cc348892b48c7430800040000ebaa6690f30f1efa48ba02000000000900004823
512 00000000000000000000000000000000000000000000000000000000000000000000000000000000000000000000000000000000000000000000000000000000
576 153bab090048b90200000000010000488d05aad101004839ca7419f60522ab090040488d0557cd0100488d1500240200480f45c2c3662e0f1f84000000000090
576 00000000000000000000000000000000000000000000000000000000000000000000000000000000000000000000000000000000000000000000000000000000
640 f30f1efa48ba0200000000090000482315ebaa090048b90200000000010000488d056a3900004839ca7429488d053e240000f605cbaa0900107519f60567aa09
640 00000000000000000000000000000000000000000000000000000000000000000000000000000000000000000000000000000000000000000000000000000000
704 0002488d05d70f0000488d15d0260000480f45c2c3662e0f1f84000000000090f30f1efa48ba02000000000900004823158baa090048b9020000000001000048
704 00000000000000000000000000000000000000000000000000000000000000000000000000000000000000000000000000000000000000000000000000000000
768 8d059add01004839ca7429488d05be120200f6056baa0900107519f60507aa090002488d0507e10100488d15e0e20100480f45c2c3662e0f1f84000000000090
768 00000000000000000000000000000000000000000000000000000000000000000000000000000000000000000000000000000000000000000000000000000000
832 f30f1efaf605dfa9090010488d15fe420200488d0547420200480f45c2c36690f30f1efa4154554889fd4883ec08e80d7efdff4c8d60014c89e7e8d1d3ffff48
832 00000000000000000000000000000000000000000000000000000000000000000000000000000000000000000000000000000000000000000000000000000000
896 85c074154883c4084c89e24889ee4889c75d415ce9c77cfdff5a31c05d415cc3f30f1efa4157415641554989f541544989d4555389fb4883ec2864488b042528
896 00000000000000000000000000000000000000000000000000000000000000000000000000000000000000000000000000000000000000000000000000000000
960 00000000000000000000000000000000000000000000000000000000000000000000000000000000000000000000000000000000000000000000000000000000
1024 00000000000000000000000000000000000000000000000000000000000000000000000000000000000000000000000000000000000000000000000000000000
1088 00000000000000000000000000000000000000000000000000000000000000000000000000000000000000000000000000000000000000000000000000000000
1152 00000000000000000000000000000000000000000000000000000000000000000000000000000000000000000000000000000000000000000000000000000000
1216 00000000000000000000000000000000000000000000000000000000000000000000000000000000000000000000000000000000000000000000000000000000
1280 00000000000000000000000000000000000000000000000000000000000000000000000000000000000000000000000000000000000000000000000000000000
1344 f30f1efa48ba020000000001000048b8020000000009000048230521a809004839d0488d1577d60100488d05b0d20100480f44c2c3662e0f1f84000000000090
1344 00000000000000000000000000000000000000000000000000000000000000000000000000000000000000000000000000000000000000000000000000000000
1408 f30f1efa48ba020000000001000048b80200000000090000482305e1a709004839d0488d15d7d70100488d0510d40100480f44c2c3662e0f1f84000000000090
1408 00000000000000000000000000000000000000000000000000000000000000000000000000000000000000000000000000000000000000000000000000000000
1472 f30f1efa48ba0200000000090000482315aba7090048b90200000000010000488d051a7a00004839ca74338b1537a70900f7c2000010007410488d05206a0000
1472 00000000000000000000000000000000000000000000000000000000000000000000000000000000000000000000000000000000000000000000000000000000
1536 f6057da7090080741580e602488d053d3a0000488d1596520000480f45c2c39041574989f0415641554989fd415455534889d34881ec5808000064488b042528
1536 00000000000000000000000000000000000000000000000000000000000000000000000000000000000000000000000000000000000000000000000000000000
1600 000000488984244808000031c04883f9010f863304000031f641ba01000000ba0100000048c7c5ffffffffb801000000eb1d660f1f4400004989c24889c6ba01
1600 00000000000000000000000000000000000000000000000000000000000000000000000000000000000000000000000000000000000000000000000000000000
1664 00000000000000000000000000000000000000000000000000000000000000000000000000000000000000000000000000000000000000000000000000000000
1728 00000000000000000000000000000000000000000000000000000000000000000000000000000000000000000000000000000000000000000000000000000000
1792 00000000000000000000000000000000000000000000000000000000000000000000000000000000000000000000000000000000000000000000000000000000
1856 00000000000000000000000000000000000000000000000000000000000000000000000000000000000000000000000000000000000000000000000000000000
1920 00000000000000000000000000000000000000000000000000000000000000000000000000000000000000000000000000000000000000000000000000000000
1984 00000000000000000000000000000000000000000000000000000000000000000000000000000000000000000000000000000000000000000000000000000000
0 00000000000000000000000000000000000000000000000000000000000000000000000000000000000000000000000000000000000000000000000000000000
64 00000000000000000000000000000000000000000000000000000000000000000000000000000000000000000000000000000000000000000000000000000000
128 00000000000000000000000000000000000000000000000000000000000000000000000000000000000000000000000000000000000000000000000000000000
192 00000000000000000000000000000000000000000000000000000000000000000000000000000000000000000000000000000000000000000000000000000000
256 00000000000000000000000000000000000000000000000000000000000000000000000000000000000000000000000000000000000000000000000000000000
320 00000000000000000000000000000000000000000000000000000000000000000000000000000000000000000000000000000000000000000000000000000000
384 00000000000000000000000000000000000000000000000000000000000000000000000000000000000000000000000000000000000000000000000000000000
448 00000000000000000000000000000000000000000000000000000000000000000000000000000000000000000000000000000000000000000000000000000000
512 00000000000000000000000000000000000000000000000000000000000000000000000000000000000000000000000000000000000000000000000000000000
576 00000000000000000000000000000000000000000000000000000000000000000000000000000000000000000000000000000000000000000000000000000000
640 00000000000000000000000000000000000000000000000000000000000000000000000000000000000000000000000000000000000000000000000000000000
704 00000000000000000000000000000000000000000000000000000000000000000000000000000000000000000000000000000000000000000000000000000000
768 00000000000000000000000000000000000000000000000000000000000000000000000000000000000000000000000000000000000000000000000000000000
832 00000000000000000000000000000000000000000000000000000000000000000000000000000000000000000000000000000000000000000000000000000000
896 00000000000000000000000000000000000000000000000000000000000000000000000000000000000000000000000000000000000000000000000000000000
960 00000000000000000000000000000000000000000000000000000000000000000000000000000000000000000000000000000000000000000000000000000000
1024 00000000000000000000000000000000000000000000000000000000000000000000000000000000000000000000000000000000000000000000000000000000
1088 00000000000000000000000000000000000000000000000000000000000000000000000000000000000000000000000000000000000000000000000000000000
1152 00000000000000000000000000000000000000000000000000000000000000000000000000000000000000000000000000000000000000000000000000000000
1216 00000000000000000000000000000000000000000000000000000000000000000000000000000000000000000000000000000000000000000000000000000000
1280 00000000000000000000000000000000000000000000000000000000000000000000000000000000000000000000000000000000000000000000000000000000
1344 00000000000000000000000000000000000000000000000000000000000000000000000000000000000000000000000000000000000000000000000000000000
1408 00000000000000000000000000000000000000000000000000000000000000000000000000000000000000000000000000000000000000000000000000000000
1472 00000000000000000000000000000000000000000000000000000000000000000000000000000000000000000000000000000000000000000000000000000000
1536 f30f1efaf605799f090010488d159efcffff488d05e7320200480f44c2c36690f30f1efa48b802000000000800008b15f49e0900482305459f09004883f80274
1536 00000000000000000000000000000000000000000000000000000000000000000000000000000000000000000000000000000000000000000000000000000000
1600 2f488d0518820000f7c200000800751580e602488d05267a0000488d152f1b0200480f45c2c3662e0f1f840000000000f7c20000400074c9488d05017e0000f6
1600 00000000000000000000000000000000000000000000000000000000000000000000000000000000000000000000000000000000000000000000000000000000
1664 05ff9e09000174b9c30f1f8000000000f30f1efa8b15ea9e0900488d05ff3b0200f6c630755d48b80400000000400000482305c99e09004883f804744bf6c601
1664 00000000000000000000000000000000000000000000000000000000000000000000000000000000000000000000000000000000000000000000000000000000
1728 741ef6056c9e090002488d15303f0200488d05793f0200480f44c2c30f1f4000f605429e0900027447f6c220754283e208488d05b8c10000488d155118010048
1728 00000000000000000000000000000000000000000000000000000000000000000000000000000000000000000000000000000000000000000000000000000000
1792 0f45c2c30f1f4000488d059143010080e60875eff6051a9e090002488d151e430200488d0567430200480f44c2c36690f605fe9d090002488d15f23a0200488d
1792 00000000000000000000000000000000000000000000000000000000000000000000000000000000000000000000000000000000000000000000000000000000
1856 05ab3b0200480f44c2c3660f1f440000f30f1efa8b152a9e0900488d058f480200f6c610755e48b80400000000400000482305099e09004883f804744b8b05b1
1856 00000000000000000000000000000000000000000000000000000000000000000000000000000000000000000000000000000000000000000000000000000000
1920 9d09002500020000f605f19d090002741f85c0488d1586490200488d05cf490200480f44c2c3662e0f1f84000000000085c0488d1557480200488d05e0470200
1920 00000000000000000000000000000000000000000000000000000000000000000000000000000000000000000000000000000000000000000000000000000000
1984 480f45c2c30f1f00488d05d137020080e60875f0f6055a9d090002488d15be4a0200488d05174b0200480f44c2c36690f30f1efa8b158a9d0900488d056f3a02
1984 00000000000000000000000000000000000000000000000000000000000000000000000000000000000000000000000000000000000000000000000000000000
0 00f6c630755d48b80400000000400000482305699d09004883f804744bf6c601741ef6050c9d090002488d15c03d0200488d05093e0200480f44c2c30f1f4000
0 00000000000000000000000000000000000000000000000000000000000000000000000000000000000000000000000000000000000000000000000000000000
64 f605e29c0900027447f6c220754283e208488d0558960000488d15e1eb0000480f45c2c30f1f4000488d051142010080e60875eff605ba9c090002488d15ae41
64 00000000000000000000000000000000000000000000000000000000000000000000000000000000000000000000000000000000000000000000000000000000
128 0200488d05f7410200480f44c2c36690f6059e9c090002488d1582390200488d053b3a0200480f44c2c3660f1f440000f30f1efa48ba02000000000900004823
128 00000000000000000000000000000000000000000000000000000000000000000000000000000000000000000000000000000000000000000000000000000000
192 15bb9c090048b90200000000010000488d05ea1102004839ca7429488d051e0b0200f6059b9c0900107519f605379c090002488d0527d40100488d15c0ec0100
192 00000000000000000000000000000000000000000000000000000000000000000000000000000000000000000000000000000000000000000000000000000000
192 303132333435363738396162636465666768696a6b6c6d6e6f707172737475767778797a00000000000000000000000000000000000000000000000000000000
256 480f45c2c3662e0f1f84000000000090f30f1efa488d0539a80100f6055e9c09000175338b15fe9b0900f7c2000010007410488d056b8c0100f605449c090080
256 00000000000000000000000000000000000000000000000000000000000000000000000000000000000000000000000000000000000000000000000000000000
320 741580e602488d05b4480100488d15fd6a0100480f45c2c30f1f840000000000f30f1efa8b151a9c0900488d052f390200f6c630755d48b80400000000400000
320 00000000000000000000000000000000000000000000000000000000000000000000000000000000000000000000000000000000000000000000000000000000
384 482305f99b09004883f804744bf6c601741ef6059c9b090002488d15603c0200488d05a93c0200480f44c2c30f1f4000f605729b0900027447f6c220754283e2
384 00000000000000000000000000000000000000000000000000000000000000000000000000000000000000000000000000000000000000000000000000000000
448 08488d0508950000488d1591ea0000480f45c2c30f1f4000488d05c140010080e60875eff6054a9b090002488d154e400200488d0597400200480f44c2c36690
448 00000000000000000000000000000000000000000000000000000000000000000000000000000000000000000000000000000000000000000000000000000000
512 f6052e9b090002488d1522380200488d05db380200480f44c2c3660f1f440000f30f1efa48ba020000000001000048b80200000000090000482305419b090048
512 00000000000000000000000000000000000000000000000000000000000000000000000000000000000000000000000000000000000000000000000000000000
576 39d0488d15e7740000488d05d0720000480f44c2c3662e0f1f84000000000090f30f1efa48ba020000000001000048b80200000000090000482305019b090048
576 00000000000000000000000000000000000000000000000000000000000000000000000000000000000000000000000000000000000000000000000000000000
640 39d0488d15a7c30100488d0560bf0100480f44c2c3662e0f1f84000000000090f30f1efa89f189f84883e13f4883e03f83f930774b83f8307746660f120f660f
640 00000000000000000000000000000000000000000000000000000000000000000000000000000000000000000000000000000000000000000000000000000000
704 1216660f164f08660f165608660fefc0660f74c1660f74ca660ff8c8660fd7d181eaffff00000f85d41300004883c6104883c71066662e0f1f84000000000090
704 00000000000000000000000000000000000000000000000000000000000000000000000000000000000000000000000000000000000000000000000000000000
768 00000000000000000000000000000000000000000000000000000000000000000000000000000000000000000000000000000000000000000000000000000000
832 00000000000000000000000000000000000000000000000000000000000000000000000000000000000000000000000000000000000000000000000000000000
896 00000000000000000000000000000000000000000000000000000000000000000000000000000000000000000000000000000000000000000000000000000000
960 00000000000000000000000000000000000000000000000000000000000000000000000000000000000000000000000000000000000000000000000000000000
1024 00000000000000000000000000000000000000000000000000000000000000000000000000000000000000000000000000000000000000000000000000000000
1088 00000000000000000000000000000000000000000000000000000000000000000000000000000000000000000000000000000000000000000000000000000000
1152 00000000000000000000000000000000000000000000000000000000000000000000000000000000000000000000000000000000000000000000000000000000
1216 00000000000000000000000000000000000000000000000000000000000000000000000000000000000000000000000000000000000000000000000000000000
1280 00000000000000000000000000000000000000000000000000000000000000000000000000000000000000000000000000000000000000000000000000000000
1344 00000000000000000000000000000000000000000000000000000000000000000000000000000000000000000000000000000000000000000000000000000000
1408 00000000000000000000000000000000000000000000000000000000000000000000000000000000000000000000000000000000000000000000000000000000
1472 00000000000000000000000000000000000000000000000000000000000000000000000000000000000000000000000000000000000000000000000000000000
1536 00000000000000000000000000000000000000000000000000000000000000000000000000000000000000000000000000000000000000000000000000000000
1600 00000000000000000000000000000000000000000000000000000000000000000000000000000000000000000000000000000000000000000000000000000000
1664 00000000000000000000000000000000000000000000000000000000000000000000000000000000000000000000000000000000000000000000000000000000
1728 00000000000000000000000000000000000000000000000000000000000000000000000000000000000000000000000000000000000000000000000000000000
1792 00000000000000000000000000000000000000000000000000000000000000000000000000000000000000000000000000000000000000000000000000000000
1856 00000000000000000000000000000000000000000000000000000000000000000000000000000000000000000000000000000000000000000000000000000000
1920 00000000000000000000000000000000000000000000000000000000000000000000000000000000000000000000000000000000000000000000000000000000
1984 00000000000000000000000000000000000000000000000000000000000000000000000000000000000000000000000000000000000000000000000000000000
0 00000000000000000000000000000000000000000000000000000000000000000000000000000000000000000000000000000000000000000000000000000000
64 00000000000000000000000000000000000000000000000000000000000000000000000000000000000000000000000000000000000000000000000000000000
128 00000000000000000000000000000000000000000000000000000000000000000000000000000000000000000000000000000000000000000000000000000000
192 00000000000000000000000000000000000000000000000000000000000000000000000000000000000000000000000000000000000000000000000000000000
256 00000000000000000000000000000000000000000000000000000000000000000000000000000000000000000000000000000000000000000000000000000000
320 00000000000000000000000000000000000000000000000000000000000000000000000000000000000000000000000000000000000000000000000000000000
384 00000000000000000000000000000000000000000000000000000000000000000000000000000000000000000000000000000000000000000000000000000000
448 00000000000000000000000000000000000000000000000000000000000000000000000000000000000000000000000000000000000000000000000000000000
512 00000000000000000000000000000000000000000000000000000000000000000000000000000000000000000000000000000000000000000000000000000000
576 00000000000000000000000000000000000000000000000000000000000000000000000000000000000000000000000000000000000000000000000000000000
640 00000000000000000000000000000000000000000000000000000000000000000000000000000000000000000000000000000000000000000000000000000000
704 00000000000000000000000000000000000000000000000000000000000000000000000000000000000000000000000000000000000000000000000000000000
768 00000000000000000000000000000000000000000000000000000000000000000000000000000000000000000000000000000000000000000000000000000000
832 00000000000000000000000000000000000000000000000000000000000000000000000000000000000000000000000000000000000000000000000000000000
896 00000000000000000000000000000000000000000000000000000000000000000000000000000000000000000000000000000000000000000000000000000000
960 00000000000000000000000000000000000000000000000000000000000000000000000000000000000000000000000000000000000000000000000000000000
1024 00000000000000000000000000000000000000000000000000000000000000000000000000000000000000000000000000000000000000000000000000000000
1088 00000000000000000000000000000000000000000000000000000000000000000000000000000000000000000000000000000000000000000000000000000000
1152 00000000000000000000000000000000000000000000000000000000000000000000000000000000000000000000000000000000000000000000000000000000
1216 00000000000000000000000000000000000000000000000000000000000000000000000000000000000000000000000000000000000000000000000000000000
1280 00000000000000000000000000000000000000000000000000000000000000000000000000000000000000000000000000000000000000000000000000000000
1344 00000000000000000000000000000000000000000000000000000000000000000000000000000000000000000000000000000000000000000000000000000000
1408 00000000000000000000000000000000000000000000000000000000000000000000000000000000000000000000000000000000000000000000000000000000
1472 00000000000000000000000000000000000000000000000000000000000000000000000000000000000000000000000000000000000000000000000000000000
1536 00000000000000000000000000000000000000000000000000000000000000000000000000000000000000000000000000000000000000000000000000000000
1600 00000000000000000000000000000000000000000000000000000000000000000000000000000000000000000000000000000000000000000000000000000000
1664 00000000000000000000000000000000000000000000000000000000000000000000000000000000000000000000000000000000000000000000000000000000
1728 00000000000000000000000000000000000000000000000000000000000000000000000000000000000000000000000000000000000000000000000000000000
1792 00000000000000000000000000000000000000000000000000000000000000000000000000000000000000000000000000000000000000000000000000000000
1856 00000000000000000000000000000000000000000000000000000000000000000000000000000000000000000000000000000000000000000000000000000000
1920 00000000000000000000000000000000000000000000000000000000000000000000000000000000000000000000000000000000000000000000000000000000
1984 00000000000000000000000000000000000000000000000000000000000000000000000000000000000000000000000000000000000000000000000000000000
0 00000000000000000000000000000000000000000000000000000000000000000000000000000000000000000000000000000000000000000000000000000000
64 00000000000000000000000000000000000000000000000000000000000000000000000000000000000000000000000000000000000000000000000000000000
128 00000000000000000000000000000000000000000000000000000000000000000000000000000000000000000000000000000000000000000000000000000000
192 00000000000000000000000000000000000000000000000000000000000000000000000000000000000000000000000000000000000000000000000000000000
256 00000000000000000000000000000000000000000000000000000000000000000000000000000000000000000000000000000000000000000000000000000000
320 00000000000000000000000000000000000000000000000000000000000000000000000000000000000000000000000000000000000000000000000000000000
384 00000000000000000000000000000000000000000000000000000000000000000000000000000000000000000000000000000000000000000000000000000000
448 00000000000000000000000000000000000000000000000000000000000000000000000000000000000000000000000000000000000000000000000000000000
512 00000000000000000000000000000000000000000000000000000000000000000000000000000000000000000000000000000000000000000000000000000000
576 00000000000000000000000000000000000000000000000000000000000000000000000000000000000000000000000000000000000000000000000000000000
640 00000000000000000000000000000000000000000000000000000000000000000000000000000000000000000000000000000000000000000000000000000000
704 00000000000000000000000000000000000000000000000000000000000000000000000000000000000000000000000000000000000000000000000000000000
768 00000000000000000000000000000000000000000000000000000000000000000000000000000000000000000000000000000000000000000000000000000000
832 00000000000000000000000000000000000000000000000000000000000000000000000000000000000000000000000000000000000000000000000000000000
896 00000000000000000000000000000000000000000000000000000000000000000000000000000000000000000000000000000000000000000000000000000000
960 00000000000000000000000000000000000000000000000000000000000000000000000000000000000000000000000000000000000000000000000000000000
1024 00000000000000000000000000000000000000000000000000000000000000000000000000000000000000000000000000000000000000000000000000000000
1088 00000000000000000000000000000000000000000000000000000000000000000000000000000000000000000000000000000000000000000000000000000000
1152 00000000000000000000000000000000000000000000000000000000000000000000000000000000000000000000000000000000000000000000000000000000
1216 00000000000000000000000000000000000000000000000000000000000000000000000000000000000000000000000000000000000000000000000000000000
1280 00000000000000000000000000000000000000000000000000000000000000000000000000000000000000000000000000000000000000000000000000000000
1344 00000000000000000000000000000000000000000000000000000000000000000000000000000000000000000000000000000000000000000000000000000000
1408 00000000000000000000000000000000000000000000000000000000000000000000000000000000000000000000000000000000000000000000000000000000
1472 00000000000000000000000000000000000000000000000000000000000000000000000000000000000000000000000000000000000000000000000000000000
1536 00000000000000000000000000000000000000000000000000000000000000000000000000000000000000000000000000000000000000000000000000000000
1600 00000000000000000000000000000000000000000000000000000000000000000000000000000000000000000000000000000000000000000000000000000000
1664 00000000000000000000000000000000000000000000000000000000000000000000000000000000000000000000000000000000000000000000000000000000
1728 00000000000000000000000000000000000000000000000000000000000000000000000000000000000000000000000000000000000000000000000000000000
1792 00000000000000000000000000000000000000000000000000000000000000000000000000000000000000000000000000000000000000000000000000000000
1856 00000000000000000000000000000000000000000000000000000000000000000000000000000000000000000000000000000000000000000000000000000000
1920 00000000000000000000000000000000000000000000000000000000000000000000000000000000000000000000000000000000000000000000000000000000
1984 00000000000000000000000000000000000000000000000000000000000000000000000000000000000000000000000000000000000000000000000000000000
0 00000000000000000000000000000000000000000000000000000000000000000000000000000000000000000000000000000000000000000000000000000000
64 00000000000000000000000000000000000000000000000000000000000000000000000000000000000000000000000000000000000000000000000000000000
128 00000000000000000000000000000000000000000000000000000000000000000000000000000000000000000000000000000000000000000000000000000000
192 00000000000000000000000000000000000000000000000000000000000000000000000000000000000000000000000000000000000000000000000000000000
256 00000000000000000000000000000000000000000000000000000000000000000000000000000000000000000000000000000000000000000000000000000000
320 00000000000000000000000000000000000000000000000000000000000000000000000000000000000000000000000000000000000000000000000000000000
384 00000000000000000000000000000000000000000000000000000000000000000000000000000000000000000000000000000000000000000000000000000000
448 00000000000000000000000000000000000000000000000000000000000000000000000000000000000000000000000000000000000000000000000000000000
512 00000000000000000000000000000000000000000000000000000000000000000000000000000000000000000000000000000000000000000000000000000000
576 00000000000000000000000000000000000000000000000000000000000000000000000000000000000000000000000000000000000000000000000000000000
640 7f454c460201010000000000000000000000000000000000000000000000000016000000000000001a0000000000000005000000000000000900000000000000
640 00000000000000000000000000000000000000000000000000000000000000000000000000000000000000000000000000000000000000000000000000000000
704 2f6c69622f7838365f36342d6c696e75782d676e752f002f7573722f6c69622f7838365f36342d6c696e75782d676e752f002f6c69622f002f7573722f6c6962
704 00000000000000000000000000000000000000000000000000000000000000000000000000000000000000000000000000000000000000000000000000000000
768 00000000000000000000000000000000000000000000000000000000000000000000000000000000000000000000000000000000000000000000000000000000
832 00000000000000000000000000000000000000000000000000000000000000000000000000000000000000000000000000000000000000000000000000000000
896 00000000000000000000000000000000000000000000000000000000000000000000000000000000000000000000000000000000000000000000000000000000
960 00000000000000000000000000000000000000000000000000000000000000000000000000000000000000000000000000000000000000000000000000000000
1024 00000000000000000000000000000000000000000000000000000000000000000000000000000000000000000000000000000000000000000000000000000000
1088 00000000000000000000000000000000000000000000000000000000000000000000000000000000000000000000000000000000000000000000000000000000
1152 00000000000000000000000000000000000000000000000000000000000000000000000000000000000000000000000000000000000000000000000000000000
1216 00000000000000000000000000000000000000000000000000000000000000000000000000000000000000000000000000000000000000000000000000000000
1280 00000000000000000000000000000000000000000000000000000000000000000000000000000000000000000000000000000000000000000000000000000000
1344 00000000000000000000000000000000000000000000000000000000000000000000000000000000000000000000000000000000000000000000000000000000
1408 00000000000000000000000000000000000000000000000000000000000000000000000000000000000000000000000000000000000000000000000000000000
1472 00000000000000000000000000000000000000000000000000000000000000000000000000000000000000000000000000000000000000000000000000000000
1536 00000000000000000000000000000000000000000000000000000000000000000000000000000000000000000000000000000000000000000000000000000000
1600 00000000000000000000000000000000000000000000000000000000000000000000000000000000000000000000000000000000000000000000000000000000
1664 00000000000000000000000000000000000000000000000000000000000000000000000000000000000000000000000000000000000000000000000000000000
1728 00000000000000000000000000000000000000000000000000000000000000000000000000000000000000000000000000000000000000000000000000000000
1792 00000000000000000000000000000000000000000000000000000000000000000000000000000000000000000000000000000000000000000000000000000000
1856 00000000000000000000000000000000000000000000000000000000000000000000000000000000000000000000000000000000000000000000000000000000
1920 00000000000000000000000000000000000000000000000000000000000000000000000000000000000000000000000000000000000000000000000000000000
1984 00000000000000000000000000000000000000000000000000000000000000000000000000000000000000000000000000000000000000000000000000000000
0 00000000000000000000000000000000000000000000000000000000000000000000000000000000000000000000000000000000000000000000000000000000
64 00000000000000000000000000000000000000000000000000000000000000000000000000000000000000000000000000000000000000000000000000000000
128 00000000000000000000000000000000000000000000000000000000000000000000000000000000000000000000000000000000000000000000000000000000
192 00000000000000000000000000000000000000000000000000000000000000000000000000000000000000000000000000000000000000000000000000000000
256 00000000000000000000000000000000000000000000000000000000000000000000000000000000000000000000000000000000000000000000000000000000
320 00000000000000000000000000000000000000000000000000000000000000000000000000000000000000000000000000000000000000000000000000000000
384 00000000000000000000000000000000000000000000000000000000000000000000000000000000000000000000000000000000000000000000000000000000
448 00000000000000000000000000000000000000000000000000000000000000000000000000000000000000000000000000000000000000000000000000000000
512 00000000000000000000000000000000000000000000000000000000000000000000000000000000000000000000000000000000000000000000000000000000
576 00000000000000000000000000000000000000000000000000000000000000000000000000000000000000000000000000000000000000000000000000000000
640 63616e6e6f74206170706c79206164646974696f6e616c206d656d6f72792070726f74656374696f6e2061667465722072656c6f636174696f6e000000000000
640 00000000000000000000000000000000000000000000000000000000000000000000000000000000000000000000000000000000000000000000000000000000
704 656c665f6d616368696e655f72656c615f72656c617469766500746c7300646c2d6877636170732e63006d203d3d20636e740063616e6e6f7420637265617465
704 00000000000000000000000000000000000000000000000000000000000000000000000000000000000000000000000000000000000000000000000000000000
768 00000000000000000000000000000000000000000000000000000000000000000000000000000000000000000000000000000000000000000000000000000000
832 00000000000000000000000000000000000000000000000000000000000000000000000000000000000000000000000000000000000000000000000000000000
896 00000000000000000000000000000000000000000000000000000000000000000000000000000000000000000000000000000000000000000000000000000000
960 00000000000000000000000000000000000000000000000000000000000000000000000000000000000000000000000000000000000000000000000000000000
1024 00000000000000000000000000000000000000000000000000000000000000000000000000000000000000000000000000000000000000000000000000000000
1088 00000000000000000000000000000000000000000000000000000000000000000000000000000000000000000000000000000000000000000000000000000000
1152 00000000000000000000000000000000000000000000000000000000000000000000000000000000000000000000000000000000000000000000000000000000
1216 00000000000000000000000000000000000000000000000000000000000000000000000000000000000000000000000000000000000000000000000000000000
1280 00000000000000000000000000000000000000000000000000000000000000000000000000000000000000000000000000000000000000000000000000000000
1344 00000000000000000000000000000000000000000000000000000000000000000000000000000000000000000000000000000000000000000000000000000000
1408 00000000000000000000000000000000000000000000000000000000000000000000000000000000000000000000000000000000000000000000000000000000
1472 00000000000000000000000000000000000000000000000000000000000000000000000000000000000000000000000000000000000000000000000000000000
1536 00000000000000000000000000000000000000000000000000000000000000000000000000000000000000000000000000000000000000000000000000000000
1600 00000000000000000000000000000000000000000000000000000000000000000000000000000000000000000000000000000000000000000000000000000000
1664 00000000000000000000000000000000000000000000000000000000000000000000000000000000000000000000000000000000000000000000000000000000
1728 00000000000000000000000000000000000000000000000000000000000000000000000000000000000000000000000000000000000000000000000000000000
1792 00000000000000000000000000000000000000000000000000000000000000000000000000000000000000000000000000000000000000000000000000000000
1856 00000000000000000000000000000000000000000000000000000000000000000000000000000000000000000000000000000000000000000000000000000000
1920 00000000000000000000000000000000000000000000000000000000000000000000000000000000000000000000000000000000000000000000000000000000
1984 00000000000000000000000000000000000000000000000000000000000000000000000000000000000000000000000000000000000000000000000000000000
0 00000000000000000000000000000000000000000000000000000000000000000000000000000000000000000000000000000000000000000000000000000000
64 00000000000000000000000000000000000000000000000000000000000000000000000000000000000000000000000000000000000000000000000000000000
128 00000000000000000000000000000000000000000000000000000000000000000000000000000000000000000000000000000000000000000000000000000000
192 00000000000000000000000000000000000000000000000000000000000000000000000000000000000000000000000000000000000000000000000000000000
256 00000000000000000000000000000000000000000000000000000000000000000000000000000000000000000000000000000000000000000000000000000000
320 00000000000000000000000000000000000000000000000000000000000000000000000000000000000000000000000000000000000000000000000000000000
384 00000000000000000000000000000000000000000000000000000000000000000000000000000000000000000000000000000000000000000000000000000000
448 00000000000000000000000000000000000000000000000000000000000000000000000000000000000000000000000000000000000000000000000000000000
512 25622025652025483a254d3a255320255900256d2f25642f25790025483a254d3a25530025493a254d3a25532025700007000400010002002561202562202565
512 00000000000000000000000000000000000000000000000000000000000000000000000000000000000000000000000000000000000000000000000000000000
576 2025483a254d3a255320255a2025590053000000750000006e000000000000004d0000006f0000006e0000000000000054000000750000006500000000000000
576 00000000000000000000000000000000000000000000000000000000000000000000000000000000000000000000000000000000000000000000000000000000
640 00000000000000000000000000000000000000000000000000000000000000000000000000000000000000000000000000000000000000000000000000000000
704 00000000000000000000000000000000000000000000000000000000000000000000000000000000000000000000000000000000000000000000000000000000
768 00000000000000000000000000000000000000000000000000000000000000000000000000000000000000000000000000000000000000000000000000000000
832 00000000000000000000000000000000000000000000000000000000000000000000000000000000000000000000000000000000000000000000000000000000
896 00000000000000000000000000000000000000000000000000000000000000000000000000000000000000000000000000000000000000000000000000000000
960 00000000000000000000000000000000000000000000000000000000000000000000000000000000000000000000000000000000000000000000000000000000
1024 00000000000000000000000000000000000000000000000000000000000000000000000000000000000000000000000000000000000000000000000000000000
1088 00000000000000000000000000000000000000000000000000000000000000000000000000000000000000000000000000000000000000000000000000000000
1152 00000000000000000000000000000000000000000000000000000000000000000000000000000000000000000000000000000000000000000000000000000000
1216 00000000000000000000000000000000000000000000000000000000000000000000000000000000000000000000000000000000000000000000000000000000
1280 00000000000000000000000000000000000000000000000000000000000000000000000000000000000000000000000000000000000000000000000000000000
1344 00000000000000000000000000000000000000000000000000000000000000000000000000000000000000000000000000000000000000000000000000000000
1408 00000000000000000000000000000000000000000000000000000000000000000000000000000000000000000000000000000000000000000000000000000000
1472 00000000000000000000000000000000000000000000000000000000000000000000000000000000000000000000000000000000000000000000000000000000
1536 00000000000000000000000000000000000000000000000000000000000000000000000000000000000000000000000000000000000000000000000000000000
1600 00000000000000000000000000000000000000000000000000000000000000000000000000000000000000000000000000000000000000000000000000000000
1664 00000000000000000000000000000000000000000000000000000000000000000000000000000000000000000000000000000000000000000000000000000000
1728 00000000000000000000000000000000000000000000000000000000000000000000000000000000000000000000000000000000000000000000000000000000
1792 00000000000000000000000000000000000000000000000000000000000000000000000000000000000000000000000000000000000000000000000000000000
1856 00000000000000000000000000000000000000000000000000000000000000000000000000000000000000000000000000000000000000000000000000000000
1920 00000000000000000000000000000000000000000000000000000000000000000000000000000000000000000000000000000000000000000000000000000000
1984 00000000000000000000000000000000000000000000000000000000000000000000000000000000000000000000000000000000000000000000000000000000
0 00000000000000000000000000000000000000000000000000000000000000000000000000000000000000000000000000000000000000000000000000000000
64 00000000000000000000000000000000000000000000000000000000000000000000000000000000000000000000000000000000000000000000000000000000
128 00000000000000000000000000000000000000000000000000000000000000000000000000000000000000000000000000000000000000000000000000000000
192 00000000000000000000000000000000000000000000000000000000000000000000000000000000000000000000000000000000000000000000000000000000
256 00000000000000000000000000000000000000000000000000000000000000000000000000000000000000000000000000000000000000000000000000000000
320 00000000000000000000000000000000000000000000000000000000000000000000000000000000000000000000000000000000000000000000000000000000
384 00000000000000000000000000000000000000000000000000000000000000000000000000000000000000000000000000000000000000000000000000000000
448 00000000000000000000000000000000000000000000000000000000000000000000000000000000000000000000000000000000000000000000000000000000
512 00000000000000000000000000000000000000000000000000000000000000000000000000000000000000000000000000000000000000000000000000000000
576 00000000000000000000000000000000000000000000000000000000000000000000000000000000000000000000000000000000000000000000000000000000
640 00000000000000000000000000000000000000000000000000000000000000000000000000000000000000000000000000000000000000000000000000000000
704 00000000000000000000000000000000000000000000000000000000000000000000000000000000000000000000000000000000000000000000000000000000
768 00000000000000000000000000000000000000000000000000000000000000000000000000000000000000000000000000000000000000000000000000000000
832 00000000000000000000000000000000000000000000000000000000000000000000000000000000000000000000000000000000000000000000000000000000
896 00000000000000000000000000000000000000000000000000000000000000000000000000000000000000000000000000000000000000000000000000000000
960 00000000000000000000000000000000000000000000000000000000000000000000000000000000000000000000000000000000000000000000000000000000
1024 00000000000000000000000000000000000000000000000000000000000000000000000000000000000000000000000000000000000000000000000000000000
1088 00000000000000000000000000000000000000000000000000000000000000000000000000000000000000000000000000000000000000000000000000000000
1152 00000000000000000000000000000000000000000000000000000000000000000000000000000000000000000000000000000000000000000000000000000000
1216 00000000000000000000000000000000000000000000000000000000000000000000000000000000000000000000000000000000000000000000000000000000
1280 00000000000000000000000000000000000000000000000000000000000000000000000000000000000000000000000000000000000000000000000000000000
1344 00000000000000000000000000000000000000000000000000000000000000000000000000000000000000000000000000000000000000000000000000000000
1408 00000000000000000000000000000000000000000000000000000000000000000000000000000000000000000000000000000000000000000000000000000000
1472 00000000000000000000000000000000000000000000000000000000000000000000000000000000000000000000000000000000000000000000000000000000
1536 00000000000000000000000000000000000000000000000000000000000000000000000000000000000000000000000000000000000000000000000000000000
1600 00000000000000000000000000000000000000000000000000000000000000000000000000000000000000000000000000000000000000000000000000000000
1664 00000000000000000000000000000000000000000000000000000000000000000000000000000000000000000000000000000000000000000000000000000000
1728 00000000000000000000000000000000000000000000000000000000000000000000000000000000000000000000000000000000000000000000000000000000
1792 00000000000000000000000000000000000000000000000000000000000000000000000000000000000000000000000000000000000000000000000000000000
1856 00000000000000000000000000000000000000000000000000000000000000000000000000000000000000000000000000000000000000000000000000000000
1920 00000000000000000000000000000000000000000000000000000000000000000000000000000000000000000000000000000000000000000000000000000000
1984 00000000000000000000000000000000000000000000000000000000000000000000000000000000000000000000000000000000000000000000000000000000
0 00000000000000000000000000000000000000000000000000000000000000000000000000000000000000000000000000000000000000000000000000000000
64 00000000000000000000000000000000000000000000000000000000000000000000000000000000000000000000000000000000000000000000000000000000
128 00000000000000000000000000000000000000000000000000000000000000000000000000000000000000000000000000000000000000000000000000000000
192 00000000000000000000000000000000000000000000000000000000000000000000000000000000000000000000000000000000000000000000000000000000
256 00000000000000000000000000000000000000000000000000000000000000000000000000000000000000000000000000000000000000000000000000000000
320 00000000000000000000000000000000000000000000000000000000000000000000000000000000000000000000000000000000000000000000000000000000
384 00000000000000000000000000000000000000000000000000000000000000000000000000000000000000000000000000000000000000000000000000000000
448 00000000000000000000000000000000000000000000000000000000000000000000000000000000000000000000000000000000000000000000000000000000
512 00000000000000000000000000000000000000000000000000000000000000000000000000000000000000000000000000000000000000000000000000000000
576 00000000000000000000000000000000000000000000000000000000000000000000000000000000000000000000000000000000000000000000000000000000
640 00000000000000000000000000000000000000000000000000000000000000000000000000000000000000000000000000000000000000000000000000000000
704 00000000000000000000000000000000000000000000000000000000000000000000000000000000000000000000000000000000000000000000000000000000
768 00000000000000000000000000000000000000000000000000000000000000000000000000000000000000000000000000000000000000000000000000000000
832 00000000000000000000000000000000000000000000000000000000000000000000000000000000000000000000000000000000000000000000000000000000
896 00000000000000000000000000000000000000000000000000000000000000000000000000000000000000000000000000000000000000000000000000000000
960 00000000000000000000000000000000000000000000000000000000000000000000000000000000000000000000000000000000000000000000000000000000
1024 00000000000000000000000000000000000000000000000000000000000000000000000000000000000000000000000000000000000000000000000000000000
1088 00000000000000000000000000000000000000000000000000000000000000000000000000000000000000000000000000000000000000000000000000000000
1152 00000000000000000000000000000000000000000000000000000000000000000000000000000000000000000000000000000000000000000000000000000000
1216 00000000000000000000000000000000000000000000000000000000000000000000000000000000000000000000000000000000000000000000000000000000
1280 00000000000000000000000000000000000000000000000000000000000000000000000000000000000000000000000000000000000000000000000000000000
1344 00000000000000000000000000000000000000000000000000000000000000000000000000000000000000000000000000000000000000000000000000000000
1408 00000000000000000000000000000000000000000000000000000000000000000000000000000000000000000000000000000000000000000000000000000000
1472 00000000000000000000000000000000000000000000000000000000000000000000000000000000000000000000000000000000000000000000000000000000
1536 00000000000000000000000000000000000000000000000000000000000000000000000000000000000000000000000000000000000000000000000000000000
1600 00000000000000000000000000000000000000000000000000000000000000000000000000000000000000000000000000000000000000000000000000000000
1664 00000000000000000000000000000000000000000000000000000000000000000000000000000000000000000000000000000000000000000000000000000000
1728 00000000000000000000000000000000000000000000000000000000000000000000000000000000000000000000000000000000000000000000000000000000
1792 00000000000000000000000000000000000000000000000000000000000000000000000000000000000000000000000000000000000000000000000000000000
1856 00000000000000000000000000000000000000000000000000000000000000000000000000000000000000000000000000000000000000000000000000000000
1920 00000000000000000000000000000000000000000000000000000000000000000000000000000000000000000000000000000000000000000000000000000000
1984 00000000000000000000000000000000000000000000000000000000000000000000000000000000000000000000000000000000000000000000000000000000
0 00000000000000000000000000000000000000000000000000000000000000000000000000000000000000000000000000000000000000000000000000000000
64 00000000000000000000000000000000000000000000000000000000000000000000000000000000000000000000000000000000000000000000000000000000
128 00000000000000000000000000000000000000000000000000000000000000000000000000000000000000000000000000000000000000000000000000000000
192 00000000000000000000000000000000000000000000000000000000000000000000000000000000000000000000000000000000000000000000000000000000
256 00000000000000000000000000000000000000000000000000000000000000000000000000000000000000000000000000000000000000000000000000000000
320 00000000000000000000000000000000000000000000000000000000000000000000000000000000000000000000000000000000000000000000000000000000
384 00000000000000000000000000000000000000000000000000000000000000000000000000000000000000000000000000000000000000000000000000000000
448 00000000000000000000000000000000000000000000000000000000000000000000000000000000000000000000000000000000000000000000000000000000
512 00000000000000000000000000000000000000000000000000000000000000000000000000000000000000000000000000000000000000000000000000000000
576 00000000000000000000000000000000000000000000000000000000000000000000000000000000000000000000000000000000000000000000000000000000
640 00000000000000000000000000000000000000000000000000000000000000000000000000000000000000000000000000000000000000000000000000000000
704 00000000000000000000000000000000000000000000000000000000000000000000000000000000000000000000000000000000000000000000000000000000
768 00000000000000000000000000000000000000000000000000000000000000000000000000000000000000000000000000000000000000000000000000000000
832 00000000000000000000000000000000000000000000000000000000000000000000000000000000000000000000000000000000000000000000000000000000
896 00000000000000000000000000000000000000000000000000000000000000000000000000000000000000000000000000000000000000000000000000000000
960 00000000000000000000000000000000000000000000000000000000000000000000000000000000000000000000000000000000000000000000000000000000
1024 00000000000000000000000000000000000000000000000000000000000000000000000000000000000000000000000000000000000000000000000000000000
1088 00000000000000000000000000000000000000000000000000000000000000000000000000000000000000000000000000000000000000000000000000000000
1152 00000000000000000000000000000000000000000000000000000000000000000000000000000000000000000000000000000000000000000000000000000000
1216 00000000000000000000000000000000000000000000000000000000000000000000000000000000000000000000000000000000000000000000000000000000
1280 00000000000000000000000000000000000000000000000000000000000000000000000000000000000000000000000000000000000000000000000000000000
1344 00000000000000000000000000000000000000000000000000000000000000000000000000000000000000000000000000000000000000000000000000000000
1408 00000000000000000000000000000000000000000000000000000000000000000000000000000000000000000000000000000000000000000000000000000000
1472 00000000000000000000000000000000000000000000000000000000000000000000000000000000000000000000000000000000000000000000000000000000
1536 00000000000000000000000000000000000000000000000000000000000000000000000000000000000000000000000000000000000000000000000000000000
1600 00000000000000000000000000000000000000000000000000000000000000000000000000000000000000000000000000000000000000000000000000000000
1664 00000000000000000000000000000000000000000000000000000000000000000000000000000000000000000000000000000000000000000000000000000000
1728 00000000000000000000000000000000000000000000000000000000000000000000000000000000000000000000000000000000000000000000000000000000
1792 00000000000000000000000000000000000000000000000000000000000000000000000000000000000000000000000000000000000000000000000000000000
1856 00000000000000000000000000000000000000000000000000000000000000000000000000000000000000000000000000000000000000000000000000000000
1920 f30f1efa48c1e202660f6ec64889f8660f70c000eb22662e0f1f840000000000f30f1efa660f6ec64889f8660f60c0660f61c0660f70c0004883fa100f820301
1920 00000000000000000000000000000000000000000000000000000000000000000000000000000000000000000000000000000000000000000000000000000000
1984 00004883fa200f8780000000f30f7f4417f0f30f7f07c3660f1f840000000000f30f1efa4839d10f82136000000f1f00f30f1efa4885d275044889f8c34889d1
1984 00000000000000000000000000000000000000000000000000000000000000000000000000000000000000000000000000000000000000000000000000000000
0 400fb6c64889faf3aa4889d0c30f1f00f30f1efa660f6ec64889f8660f60c0660f61c0660f70c0004883fa100f82930000004883fa20770bf30f7f4417f0f30f
0 00000000000000000000000000000000000000000000000000000000000000000000000000000000000000000000000000000000000000000000000000000000
64 7f07c34881fa0008000077b14883fa407716f30f7f07f30f7f4710f30f7f4417f0f30f7f4417e0c3488d4f40f30f7f074883e1c0f30f7f4417f0f30f7f4710f3
64 00000000000000000000000000000000000000000000000000000000000000000000000000000000000000000000000000000000000000000000000000000000
128 0f7f4417e0f30f7f4720f30f7f4417d0f30f7f4730f30f7f4417c04801fa4883e2c04839d174c0660f7f01660f7f4110660f7f4120660f7f41304883c1404839
128 00000000000000000000000000000000000000000000000000000000000000000000000000000000000000000000000000000000000000000000000000000000
192 ca75e4f3c366480f7ec180fa08730f80fa04731380fa0177157202880fc348894c17f848890fc3894c17fc890fc366894c17fe66890fc3660f1f840000000000
192 00000000000000000000000000000000000000000000000000000000000000000000000000000000000000000000000000000000000000000000000000000000
256 f30f1efa48c1e202c5f96ec64889f8c4e27d58c0eb1a662e0f1f840000000000f30f1efac5f96ec64889f8c4e27d78c04883fa200f82f40000004883fa407767
256 00000000000000000000000000000000000000000000000000000000000000000000000000000000000000000000000000000000000000000000000000000000
320 00000000000000000000000000000000000000000000000000000000000000000000000000000000000000000000000000000000000000000000000000000000
384 00000000000000000000000000000000000000000000000000000000000000000000000000000000000000000000000000000000000000000000000000000000
448 00000000000000000000000000000000000000000000000000000000000000000000000000000000000000000000000000000000000000000000000000000000
512 00000000000000000000000000000000000000000000000000000000000000000000000000000000000000000000000000000000000000000000000000000000
576 00000000000000000000000000000000000000000000000000000000000000000000000000000000000000000000000000000000000000000000000000000000
640 00000000000000000000000000000000000000000000000000000000000000000000000000000000000000000000000000000000000000000000000000000000
704 00000000000000000000000000000000000000000000000000000000000000000000000000000000000000000000000000000000000000000000000000000000
768 00000000000000000000000000000000000000000000000000000000000000000000000000000000000000000000000000000000000000000000000000000000
832 00000000000000000000000000000000000000000000000000000000000000000000000000000000000000000000000000000000000000000000000000000000
896 00000000000000000000000000000000000000000000000000000000000000000000000000000000000000000000000000000000000000000000000000000000
960 00000000000000000000000000000000000000000000000000000000000000000000000000000000000000000000000000000000000000000000000000000000
1024 00000000000000000000000000000000000000000000000000000000000000000000000000000000000000000000000000000000000000000000000000000000
1088 4c17fc890fc5f877c366894c17fe66890fc5f877c3662e0f1f8400000000009053b8000000800fa281ffc40000007f4881ffbe0000007f483d040000807639b8
1088 00000000000000000000000000000000000000000000000000000000000000000000000000000000000000000000000000000000000000000000000000000000
1152 050000800fa281ffbb0000007f0583c70389d181efbc00000083ff080f8770010000488d35d7a80400486304be4801f03effe00f1f44000031c05bc30f1f4000
1152 00000000000000000000000000000000000000000000000000000000000000000000000000000000000000000000000000000000000000000000000000000000
1216 3d0500008076f1b8060000800fa2ebc389d0488d35cba80400c1e80c83e00f48630c864801f13effe10f1f80000000000fb6c280e6f0ba000000005b480f44c2
1216 00000000000000000000000000000000000000000000000000000000000000000000000000000000000000000000000000000000000000000000000000000000
1280 c30f1f800000000089c85bc1e80e2500fc0300c30f1f400089c85bc1e8100fb6d0c1e00289c189d081e100fc030081faff000000480f44c1c30f1f8000000000
1280 00000000000000000000000000000000000000000000000000000000000000000000000000000000000000000000000000000000000000000000000000000000
1344 0fb6c15bc30f1f0031c0f6c5f00f8467ffffff89c85bc1e8062500fcff03c39089c8488d357ba80400c1e80c89c283e20f486304964801f03effe00f1f440000
1344 00000000000000000000000000000000000000000000000000000000000000000000000000000000000000000000000000000000000000000000000000000000
1408 0fb6d1b80000000080e5f05b480f45c2c30f1f800000000031c0f6c6f00f8417ffffff8d04125b250000f87fc30f1f004889d05bc3b8600000005bc3b8400000
1408 00000000000000000000000000000000000000000000000000000000000000000000000000000000000000000000000000000000000000000000000000000000
1472 005bc3b8300000005bc3b8200000005bc3b8100000005bc3b8080000005bc3b8800000005bc38d0c120fb6f231d25b89c8250000f87ff7f689c0c389ca0fb6c9
1472 00000000000000000000000000000000000000000000000000000000000000000000000000000000000000000000000000000000000000000000000000000000
1536 00000000000000000000000000000000000000000000000000000000000000000000000000000000000000000000000000000000000000000000000000000000
1600 00000000000000000000000000000000000000000000000000000000000000000000000000000000000000000000000000000000000000000000000000000000
1664 00000000000000000000000000000000000000000000000000000000000000000000000000000000000000000000000000000000000000000000000000000000
1728 00000000000000000000000000000000000000000000000000000000000000000000000000000000000000000000000000000000000000000000000000000000
1792 00000000000000000000000000000000000000000000000000000000000000000000000000000000000000000000000000000000000000000000000000000000
1856 00000000000000000000000000000000000000000000000000000000000000000000000000000000000000000000000000000000000000000000000000000000
1920 00000000000000000000000000000000000000000000000000000000000000000000000000000000000000000000000000000000000000000000000000000000
1984 00000000000000000000000000000000000000000000000000000000000000000000000000000000000000000000000000000000000000000000000000000000
0 00000000000000000000000000000000000000000000000000000000000000000000000000000000000000000000000000000000000000000000000000000000
64 00000000000000000000000000000000000000000000000000000000000000000000000000000000000000000000000000000000000000000000000000000000
128 00000000000000000000000000000000000000000000000000000000000000000000000000000000000000000000000000000000000000000000000000000000
192 00000000000000000000000000000000000000000000000000000000000000000000000000000000000000000000000000000000000000000000000000000000
256 00000000000000000000000000000000000000000000000000000000000000000000000000000000000000000000000000000000000000000000000000000000
320 00000000000000000000000000000000000000000000000000000000000000000000000000000000000000000000000000000000000000000000000000000000
384 00000000000000000000000000000000000000000000000000000000000000000000000000000000000000000000000000000000000000000000000000000000
448 00000000000000000000000000000000000000000000000000000000000000000000000000000000000000000000000000000000000000000000000000000000
512 00000000000000000000000000000000000000000000000000000000000000000000000000000000000000000000000000000000000000000000000000000000
576 00000000000000000000000000000000000000000000000000000000000000000000000000000000000000000000000000000000000000000000000000000000
640 00000000000000000000000000000000000000000000000000000000000000000000000000000000000000000000000000000000000000000000000000000000
704 00000000000000000000000000000000000000000000000000000000000000000000000000000000000000000000000000000000000000000000000000000000
768 00000000000000000000000000000000000000000000000000000000000000000000000000000000000000000000000000000000000000000000000000000000
832 00000000000000000000000000000000000000000000000000000000000000000000000000000000000000000000000000000000000000000000000000000000
896 00000000000000000000000000000000000000000000000000000000000000000000000000000000000000000000000000000000000000000000000000000000
960 00000000000000000000000000000000000000000000000000000000000000000000000000000000000000000000000000000000000000000000000000000000
1024 00000000000000000000000000000000000000000000000000000000000000000000000000000000000000000000000000000000000000000000000000000000
1088 00000000000000000000000000000000000000000000000000000000000000000000000000000000000000000000000000000000000000000000000000000000
1152 00000000000000000000000000000000000000000000000000000000000000000000000000000000000000000000000000000000000000000000000000000000
1216 00000000000000000000000000000000000000000000000000000000000000000000000000000000000000000000000000000000000000000000000000000000
1280 00000000000000000000000000000000000000000000000000000000000000000000000000000000000000000000000000000000000000000000000000000000
1344 00000000000000000000000000000000000000000000000000000000000000000000000000000000000000000000000000000000000000000000000000000000
1408 00000000000000000000000000000000000000000000000000000000000000000000000000000000000000000000000000000000000000000000000000000000
1472 00000000000000000000000000000000000000000000000000000000000000000000000000000000000000000000000000000000000000000000000000000000
1536 00000000000000000000000000000000000000000000000000000000000000000000000000000000000000000000000000000000000000000000000000000000
1600 00000000000000000000000000000000000000000000000000000000000000000000000000000000000000000000000000000000000000000000000000000000
1664 00000000000000000000000000000000000000000000000000000000000000000000000000000000000000000000000000000000000000000000000000000000
1728 00000000000000000000000000000000000000000000000000000000000000000000000000000000000000000000000000000000000000000000000000000000
1792 00000000000000000000000000000000000000000000000000000000000000000000000000000000000000000000000000000000000000000000000000000000
1856 00000000000000000000000000000000000000000000000000000000000000000000000000000000000000000000000000000000000000000000000000000000
1920 00000000000000000000000000000000000000000000000000000000000000000000000000000000000000000000000000000000000000000000000000000000
1984 00000000000000000000000000000000000000000000000000000000000000000000000000000000000000000000000000000000000000000000000000000000
0 00000000000000000000000000000000000000000000000000000000000000000000000000000000000000000000000000000000000000000000000000000000
64 00000000000000000000000000000000000000000000000000000000000000000000000000000000000000000000000000000000000000000000000000000000
128 f30f1efa48ba0200000000090000482315eb44070048b90200000000010000488d050a0d00004839ca7419f6057844070008488d05b70c0000488d15900a0000
128 00000000000000000000000000000000000000000000000000000000000000000000000000000000000000000000000000000000000000000000000000000000
192 480f45c2c3662e0f1f84000000000090f30f1efa55488b6f284885ed743a48c7472800000000488b751848c7472000000000488b7d10e8c5910000488b7d0048
192 00000000000000000000000000000000000000000000000000000000000000000000000000000000000000000000000000000000000000000000000000000000
256 8b7508e8b89100004889ef5de92f74fdff0f1f80000000005dc3660f1f440000f30f1efa534531c04889d34883ec2064488b042528000000488944241831c048
256 00000000000000000000000000000000000000000000000000000000000000000000000000000000000000000000000000000000000000000000000000000000
320 00000000000000000000000000000000000000000000000000000000000000000000000000000000000000000000000000000000000000000000000000000000
384 4801d04889c281e2000000f0740a4821f048c1ea184831d00fb61184d275d9c3c30f1f800000000031c0c30f1f440000f30f1efa31f6e9255905000f1f440000
384 00000000000000000000000000000000000000000000000000000000000000000000000000000000000000000000000000000000000000000000000000000000
448 f30f1efa4881ec180100004189f831ff660f6f05a86e080064488b042528000000488984240801000031c04989e1b80e000000488db424800000000f29842480
448 00000000000000000000000000000000000000000000000000000000000000000000000000000000000000000000000000000000000000000000000000000000
512 00000000000000000000000000000000000000000000000000000000000000000000000000000000000000000000000000000000000000000000000000000000
576 00000000000000000000000000000000000000000000000000000000000000000000000000000000000000000000000000000000000000000000000000000000
640 00000000000000000000000000000000000000000000000000000000000000000000000000000000000000000000000000000000000000000000000000000000
704 00000000000000000000000000000000000000000000000000000000000000000000000000000000000000000000000000000000000000000000000000000000
768 00000000000000000000000000000000000000000000000000000000000000000000000000000000000000000000000000000000000000000000000000000000
832 00000000000000000000000000000000000000000000000000000000000000000000000000000000000000000000000000000000000000000000000000000000
896 00000000000000000000000000000000000000000000000000000000000000000000000000000000000000000000000000000000000000000000000000000000
960 00000000000000000000000000000000000000000000000000000000000000000000000000000000000000000000000000000000000000000000000000000000
1024 00000000000000000000000000000000000000000000000000000000000000000000000000000000000000000000000000000000000000000000000000000000
1088 00000000000000000000000000000000000000000000000000000000000000000000000000000000000000000000000000000000000000000000000000000000
1152 00000000000000000000000000000000000000000000000000000000000000000000000000000000000000000000000000000000000000000000000000000000
1216 00000000000000000000000000000000000000000000000000000000000000000000000000000000000000000000000000000000000000000000000000000000
1280 00000000000000000000000000000000000000000000000000000000000000000000000000000000000000000000000000000000000000000000000000000000
1344 00000000000000000000000000000000000000000000000000000000000000000000000000000000000000000000000000000000000000000000000000000000
1408 00000000000000000000000000000000000000000000000000000000000000000000000000000000000000000000000000000000000000000000000000000000
1472 00000000000000000000000000000000000000000000000000000000000000000000000000000000000000000000000000000000000000000000000000000000
1536 00000000000000000000000000000000000000000000000000000000000000000000000000000000000000000000000000000000000000000000000000000000
1600 00000000000000000000000000000000000000000000000000000000000000000000000000000000000000000000000000000000000000000000000000000000
1664 00000000000000000000000000000000000000000000000000000000000000000000000000000000000000000000000000000000000000000000000000000000
1728 00000000000000000000000000000000000000000000000000000000000000000000000000000000000000000000000000000000000000000000000000000000
1792 00000000000000000000000000000000000000000000000000000000000000000000000000000000000000000000000000000000000000000000000000000000
1856 00000000000000000000000000000000000000000000000000000000000000000000000000000000000000000000000000000000000000000000000000000000
1920 00000000000000000000000000000000000000000000000000000000000000000000000000000000000000000000000000000000000000000000000000000000
1984 00000000000000000000000000000000000000000000000000000000000000000000000000000000000000000000000000000000000000000000000000000000
0 00000000000000000000000000000000000000000000000000000000000000000000000000000000000000000000000000000000000000000000000000000000
64 00000000000000000000000000000000000000000000000000000000000000000000000000000000000000000000000000000000000000000000000000000000
128 00000000000000000000000000000000000000000000000000000000000000000000000000000000000000000000000000000000000000000000000000000000
192 00000000000000000000000000000000000000000000000000000000000000000000000000000000000000000000000000000000000000000000000000000000
256 00000000000000000000000000000000000000000000000000000000000000000000000000000000000000000000000000000000000000000000000000000000
320 00000000000000000000000000000000000000000000000000000000000000000000000000000000000000000000000000000000000000000000000000000000
384 00000000000000000000000000000000000000000000000000000000000000000000000000000000000000000000000000000000000000000000000000000000
448 00000000000000000000000000000000000000000000000000000000000000000000000000000000000000000000000000000000000000000000000000000000
512 00000000000000000000000000000000000000000000000000000000000000000000000000000000000000000000000000000000000000000000000000000000
576 00000000000000000000000000000000000000000000000000000000000000000000000000000000000000000000000000000000000000000000000000000000
640 00000000000000000000000000000000000000000000000000000000000000000000000000000000000000000000000000000000000000000000000000000000
704 00000000000000000000000000000000000000000000000000000000000000000000000000000000000000000000000000000000000000000000000000000000
768 4c89f2e9d8fdffff48c745a800000000e9cafeffffe816470400660f1f440000f30f1efa4531c0e9e4fbffff0f1f4000f30f1efa415741564155415455534883
768 00000000000000000000000000000000000000000000000000000000000000000000000000000000000000000000000000000000000000000000000000000000
832 ec08488b1d8f390b004885db0f84ae0000000fb6074989fd84c00f84a0000000807f01004c8b23753f80cc3d4d85e47514eb1d0f1f4400004c8b63084883c308
832 00000000000000000000000000000000000000000000000000000000000000000000000000000000000000000000000000000000000000000000000000000000
896 4d85e4740b66413b042475ec4983c4024883c4084c89e05b5d415c415d415e415fc3660f1f440000e8d30dffff4983c502410fb76dfe4989c64c8d78fe4d85e4
896 00000000000000000000000000000000000000000000000000000000000000000000000000000000000000000000000000000000000000000000000000000000
960 7513ebcc0f1f40004c8b63084883c3084d85e474bb66413b2c2475ec498d7c24024c89fa4c89eee8e40cffff85c075d843803c343d75d14f8d643401eb926690
960 00000000000000000000000000000000000000000000000000000000000000000000000000000000000000000000000000000000000000000000000000000000
1024 4531e4eb8b662e0f1f84000000000090f30f1efa4157415641554189d541545589fd534889f34883ec0848833da60b0b0000740884c90f85520200004531e490
1024 00000000000000000000000000000000000000000000000000000000000000000000000000000000000000000000000000000000000000000000000000000000
1088 00000000000000000000000000000000000000000000000000000000000000000000000000000000000000000000000000000000000000000000000000000000
1088 648b042518000000ba0100000085c00f85e50100000fb115f4420b004c8b334d85f6753be9760100000f1f80000000004883fa020f84b6000000648b04251800
1152 00000000000000000000000000000000000000000000000000000000000000000000000000000000000000000000000000000000000000000000000000000000
1152 0000ba0100000085c00f85c10000000fb115ba420b004c393dbb420b0075bd498b46084885c00f84040100004c8d40ff4c8b3da1420b004d894608648b042518
1216 00000000000000000000000000000000000000000000000000000000000000000000000000000000000000000000000000000000000000000000000000000000
1216 00000085c00f85ad000000832d7e420b00014c89c048c1e0054c01f0488b50104883fa0374324883fa047584488b5018488b782048c740100000000089ee48c1
1280 00000000000000000000000000000000000000000000000000000000000000000000000000000000000000000000000000000000000000000000000000000000
1280 ca11644833142530000000ffd2e968ffffff660f1f440000488b401848c1c811644833042530000000ffd0e94affffff488b5018488b702089ef48c1ca116448
1344 00000000000000000000000000000000000000000000000000000000000000000000000000000000000000000000000000000000000000000000000000000000
1344 33142530000000ffd2e92cffffff66904489e0f00fb115f5410b000f8435ffffff488d3de8410b00e823100100e924ffffff660f1f4400004489e08705cf410b
1408 00000000000000000000000000000000000000000000000000000000000000000000000000000000000000000000000000000000000000000000000000000000
1408 0083f8010f8e48ffffff4531d2ba01000000be81000000b8ca000000488d3dad410b000f05e928ffffff660f1f440000498b064889034885c074084c89f7e87d
1472 00000000000000000000000000000000000000000000000000000000000000000000000000000000000000000000000000000000000000000000000000000000
1472 670100648b04251800000085c00f8589000000832d76410b0001e961feffffc6050e320b0001648b04251800000085c00f85a2000000832d53410b00014584ed
1536 00000000000000000000000000000000000000000000000000000000000000000000000000000000000000000000000000000000000000000000000000000000
1536 743148c7c308324c0048c7c010324c004839c3731e4883e8014829d848c1e8034c8d64c3080f1f00ff134883c3084939dc75f589efe8c60204004489e0f00fb1
1600 00000000000000000000000000000000000000000000000000000000000000000000000000000000000000000000000000000000000000000000000000000000
1600 150b410b000f8411feffff488d3dfe400b00e8390f0100e900feffff4489e08705eb400b0083e8010f8ed2fdffff4531d2ba01000000be81000000b8ca000000
1664 00000000000000000000000000000000000000000000000000000000000000000000000000000000000000000000000000000000000000000000000000000000
1664 488d3dc9400b000f05e9b2fdffffe86df9beffe9a4fdffff31c08705b0400b0083e8010f8e54ffffff4531d2ba01000000be81000000b8ca000000488d3d8e40
1728 0b000f05e934ffffff0f1f8000000000f30f1efa5058b901000000ba01000000488d35190a0b004883ec08e820fdfffff30f1efa803df9300b00000f85ec0000
1728 00000000000000000000000000000000000000000000000000000000000000000000000000000000000000000000000000000000000000000000000000000000
1792 0055534889fb4883ec08488b2f4885ed0f84b80000004889ee31ff0f1f440000488b4608eb20662e0f1f840000000000488d50ff4889d148c1e10548837c0e10
1792 00000000000000000000000000000000000000000000000000000000000000000000000000000000000000000000000000000000000000000000000000000000
1856 0075254889d04885c075e5488b0648c74608000000004889f74885c074624889c6ebbd0f1f4400004883f820742d4889c24883c0014889460848c1e2054c8d44
1856 00000000000000000000000000000000000000000000000000000000000000000000000000000000000000000000000000000000000000000000000000000000
1920 161049c700010000004c89c0488305c43f0b00014883c4085b5dc34889fe4885ff751dbe10040000bf01000000e89e7801004889c64885c0743a48892e488933
1920 00000000000000000000000000000000000000000000000000000000000000000000000000000000000000000000000000000000000000000000000000000000
1984 48c74608010000004c8d4610ebb4488d0df3600800ba70000000488d35bf600800488d3dc5600800e8732fffff4531c04c89c0c34883c4084531c04c89c05b5d
1984 00000000000000000000000000000000000000000000000000000000000000000000000000000000000000000000000000000000000000000000000000000000
0 c366662e0f1f8400000000000f1f4000f30f1efa55534883ec184889342448895424084885ff0f84ec0000004889fb4889cd648b04251800000085c0756aba01
0 00000000000000000000000000000000000000000000000000000000000000000000000000000000000000000000000000000000000000000000000000000000
64 00000000000000000000000000000000000000000000000000000000000000000000000000000000000000000000000000000000000000000000000000000000
128 00000000000000000000000000000000000000000000000000000000000000000000000000000000000000000000000000000000000000000000000000000000
192 00000000000000000000000000000000000000000000000000000000000000000000000000000000000000000000000000000000000000000000000000000000
256 00000000000000000000000000000000000000000000000000000000000000000000000000000000000000000000000000000000000000000000000000000000
256 f30f1efa49c7c1c0ffffff89fa41b8e7000000be3c000000eb15660f1f44000089d789f00f05483d00f0ffff7722f489d74489c00f05483d00f0ffff76e2f7d8
320 83c8ff83e8010f8e4dffffffeb926690f30f1efa534883ec104889342448895424084885ff0f84ed0000004889fb648b04251800000085c0756eba010000000f
320 00000000000000000000000000000000000000000000000000000000000000000000000000000000000000000000000000000000000000000000000000000000
320 64418901ebda662e0f1f840000000000f7d864418901ebd60f1f840000000000554889e54157415641554989fd488d3d8391040041544c8d256991040053bb10
384 b115ca3d0b00488d3d73070b00e85efdffff4885c00f84a2000000f30f7e04244889df48c700040000006448333c253000000048c1c7110f1644240848897808
384 00000000000000000000000000000000000000000000000000000000000000000000000000000000000000000000000000000000000000000000000000000000
448 0f11401064448b0425180000004585c0753e832d773d0b00014883c4104489c05bc3660f1f44000031c0ba01000000f00fb115593d0b00748d488d3d503d0b00
448 00000000000000000000000000000000000000000000000000000000000000000000000000000000000000000000000000000000000000000000000000000000
512 e88b0b0100e97cffffff660f1f44000031c08705383d0b004531c083f8017eb94531d2ba01000000be81000000b8ca000000488d3d173d0b000f05eb9c648b04
512 00000000000000000000000000000000000000000000000000000000000000000000000000000000000000000000000000000000000000000000000000000000
576 251800000085c0752e832d003d0b000141b8ffffffffeb81488d0d815e0800ba29000000488d35355e0800488d3d455e0800e8e92cffff31c08705d13c0b0041
576 00000000000000000000000000000000000000000000000000000000000000000000000000000000000000000000000000000000000000000000000000000000
640 00000000000000000000000000000000000000000000000000000000000000000000000000000000000000000000000000000000000000000000000000000000
704 00000000000000000000000000000000000000000000000000000000000000000000000000000000000000000000000000000000000000000000000000000000
768 00000000000000000000000000000000000000000000000000000000000000000000000000000000000000000000000000000000000000000000000000000000
832 00000000000000000000000000000000000000000000000000000000000000000000000000000000000000000000000000000000000000000000000000000000
896 00000000000000000000000000000000000000000000000000000000000000000000000000000000000000000000000000000000000000000000000000000000
960 00000000000000000000000000000000000000000000000000000000000000000000000000000000000000000000000000000000000000000000000000000000
1024 00000000000000000000000000000000000000000000000000000000000000000000000000000000000000000000000000000000000000000000000000000000
1088 00000000000000000000000000000000000000000000000000000000000000000000000000000000000000000000000000000000000000000000000000000000
1152 00000000000000000000000000000000000000000000000000000000000000000000000000000000000000000000000000000000000000000000000000000000
1216 00000000000000000000000000000000000000000000000000000000000000000000000000000000000000000000000000000000000000000000000000000000
1280 00000000000000000000000000000000000000000000000000000000000000000000000000000000000000000000000000000000000000000000000000000000
1344 00000000000000000000000000000000000000000000000000000000000000000000000000000000000000000000000000000000000000000000000000000000
1408 00000000000000000000000000000000000000000000000000000000000000000000000000000000000000000000000000000000000000000000000000000000
1472 00000000000000000000000000000000000000000000000000000000000000000000000000000000000000000000000000000000000000000000000000000000
1536 00000000000000000000000000000000000000000000000000000000000000000000000000000000000000000000000000000000000000000000000000000000
1600 00000000000000000000000000000000000000000000000000000000000000000000000000000000000000000000000000000000000000000000000000000000
1664 00000000000000000000000000000000000000000000000000000000000000000000000000000000000000000000000000000000000000000000000000000000
1728 00000000000000000000000000000000000000000000000000000000000000000000000000000000000000000000000000000000000000000000000000000000
1792 00000000000000000000000000000000000000000000000000000000000000000000000000000000000000000000000000000000000000000000000000000000
1856 ffffffc3662e0f1f8400000000006690f30f1efa4189f889f74889d64183f801772eb8050000000f05483d00f0ffff7707c3660f1f44000048c7c2c0fffffff7
1856 00000000000000000000000000000000000000000000000000000000000000000000000000000000000000000000000000000000000000000000000000000000
1920 d8648902b8ffffffffc3660f1f44000048c7c0c0ffffff64c70016000000b8ffffffffc3662e0f1f8400000000006690f30f1efa41544189f24189f4554889fd
1920 00000000000000000000000000000000000000000000000000000000000000000000000000000000000000000000000000000000000000000000000000000000
1984 4883ec68488954244064488b042528000000488944242831c04183e240755989f025000041003d00004100744b648b04251800000085c075674489e24889eebf
1984 00000000000000000000000000000000000000000000000000000000000000000000000000000000000000000000000000000000000000000000000000000000
0 00000000000000000000000000000000000000000000000000000000000000000000000000000000000000000000000000000000000000000000000000000000
64 00000000000000000000000000000000000000000000000000000000000000000000000000000000000000000000000000000000000000000000000000000000
128 00000000000000000000000000000000000000000000000000000000000000000000000000000000000000000000000000000000000000000000000000000000
192 00000000000000000000000000000000000000000000000000000000000000000000000000000000000000000000000000000000000000000000000000000000
256 00000000000000000000000000000000000000000000000000000000000000000000000000000000000000000000000000000000000000000000000000000000
320 00000000000000000000000000000000000000000000000000000000000000000000000000000000000000000000000000000000000000000000000000000000
384 f30f1efa648b04251800000085c07510b8010000000f05483d00f0ffff7751c34883ec2848895424184889742410897c2408e889470200488b542418488b7424
384 00000000000000000000000000000000000000000000000000000000000000000000000000000000000000000000000000000000000000000000000000000000
384 88ebdd662e0f1f8400000000000f1f00f30f1efa4881ecd80000004989fa4889742428488954243048894c24384c894424404c894c244884c074370f29442450
448 104189c08b7c2408b8010000000f05483d00f0ffff772d4489c74889442408e8bc470200488b4424084883c428c3669048c7c2c0fffffff7d864890248c7c0ff
448 00000000000000000000000000000000000000000000000000000000000000000000000000000000000000000000000000000000000000000000000000000000
448 0f294c24600f295424700f299c24800000000f29a424900000000f29ac24a00000000f29b424b00000000f29bc24c000000064488b0425280000004889442418
512 ffffffc348c7c2c0fffffff7d864890248c7c0ffffffffebbe0f1f8000000000f30f1efab8080000000f05483d00f0ffff7705c30f1f400048c7c2c0fffffff7
512 00000000000000000000000000000000000000000000000000000000000000000000000000000000000000000000000000000000000000000000000000000000
512 31c0488b3dc7040b0031c94889e2488d8424e00000004c89d6c70424080000004889442408488d442420c7442404300000004889442410e814310000488b4c24
576 00000000000000000000000000000000000000000000000000000000000000000000000000000000000000000000000000000000000000000000000000000000
576 186448330c252800000075084881c4d8000000c3e8d73704000f1f8000000000f30f1efa4881ecd8000000488954243048894c24384c894424404c894c244884
640 00000000000000000000000000000000000000000000000000000000000000000000000000000000000000000000000000000000000000000000000000000000
640 c074370f294424500f294c24600f295424700f299c24800000000f29a424900000000f29ac24a00000000f29b424b00000000f29bc24c000000064488b042528
704 00000000000000000000000000000000000000000000000000000000000000000000000000000000000000000000000000000000000000000000000000000000
768 00000000000000000000000000000000000000000000000000000000000000000000000000000000000000000000000000000000000000000000000000000000
832 00000000000000000000000000000000000000000000000000000000000000000000000000000000000000000000000000000000000000000000000000000000
896 00000000000000000000000000000000000000000000000000000000000000000000000000000000000000000000000000000000000000000000000000000000
960 00000000000000000000000000000000000000000000000000000000000000000000000000000000000000000000000000000000000000000000000000000000
1024 00000000000000000000000000000000000000000000000000000000000000000000000000000000000000000000000000000000000000000000000000000000
1088 00000000000000000000000000000000000000000000000000000000000000000000000000000000000000000000000000000000000000000000000000000000
1152 00000000000000000000000000000000000000000000000000000000000000000000000000000000000000000000000000000000000000000000000000000000
1216 00000000000000000000000000000000000000000000000000000000000000000000000000000000000000000000000000000000000000000000000000000000
1280 00000000000000000000000000000000000000000000000000000000000000000000000000000000000000000000000000000000000000000000000000000000
1344 00000000000000000000000000000000000000000000000000000000000000000000000000000000000000000000000000000000000000000000000000000000
1408 00000000000000000000000000000000000000000000000000000000000000000000000000000000000000000000000000000000000000000000000000000000
1472 00000000000000000000000000000000000000000000000000000000000000000000000000000000000000000000000000000000000000000000000000000000
1536 00000000000000000000000000000000000000000000000000000000000000000000000000000000000000000000000000000000000000000000000000000000
1600 00000000000000000000000000000000000000000000000000000000000000000000000000000000000000000000000000000000000000000000000000000000
1664 00000000000000000000000000000000000000000000000000000000000000000000000000000000000000000000000000000000000000000000000000000000
1728 00000000000000000000000000000000000000000000000000000000000000000000000000000000000000000000000000000000000000000000000000000000
1792 00000000000000000000000000000000000000000000000000000000000000000000000000000000000000000000000000000000000000000000000000000000
1856 00000000000000000000000000000000000000000000000000000000000000000000000000000000000000000000000000000000000000000000000000000000
1920 00000000000000000000000000000000000000000000000000000000000000000000000000000000000000000000000000000000000000000000000000000000
1984 00000000000000000000000000000000000000000000000000000000000000000000000000000000000000000000000000000000000000000000000000000000
0 00000000000000000000000000000000000000000000000000000000000000000000000000000000000000000000000000000000000000000000000000000000
64 00000000000000000000000000000000000000000000000000000000000000000000000000000000000000000000000000000000000000000000000000000000
128 00000000000000000000000000000000000000000000000000000000000000000000000000000000000000000000000000000000000000000000000000000000
192 00000000000000000000000000000000000000000000000000000000000000000000000000000000000000000000000000000000000000000000000000000000
256 00000000000000000000000000000000000000000000000000000000000000000000000000000000000000000000000000000000000000000000000000000000
320 00000000000000000000000000000000000000000000000000000000000000000000000000000000000000000000000000000000000000000000000000000000
384 00000000000000000000000000000000000000000000000000000000000000000000000000000000000000000000000000000000000000000000000000000000
448 00000000000000000000000000000000000000000000000000000000000000000000000000000000000000000000000000000000000000000000000000000000
512 00000000000000000000000000000000000000000000000000000000000000000000000000000000000000000000000000000000000000000000000000000000
576 00000000000000000000000000000000000000000000000000000000000000000000000000000000000000000000000000000000000000000000000000000000
640 00000000000000000000000000000000000000000000000000000000000000000000000000000000000000000000000000000000000000000000000000000000
704 00000000000000000000000000000000000000000000000000000000000000000000000000000000000000000000000000000000000000000000000000000000
768 00000000000000000000000000000000000000000000000000000000000000000000000000000000000000000000000000000000000000000000000000000000
832 00000000000000000000000000000000000000000000000000000000000000000000000000000000000000000000000000000000000000000000000000000000
896 00000000000000000000000000000000000000000000000000000000000000000000000000000000000000000000000000000000000000000000000000000000
960 00000000000000000000000000000000000000000000000000000000000000000000000000000000000000000000000000000000000000000000000000000000
1024 00000000000000000000000000000000000000000000000000000000000000000000000000000000000000000000000000000000000000000000000000000000
1088 00000000000000000000000000000000000000000000000000000000000000000000000000000000000000000000000000000000000000000000000000000000
1152 00000000000000000000000000000000000000000000000000000000000000000000000000000000000000000000000000000000000000000000000000000000
1216 00000000000000000000000000000000000000000000000000000000000000000000000000000000000000000000000000000000000000000000000000000000
1280 48c7c2c0fffffff7d8648902b8ffffffffc3662e0f1f8400000000000f1f4000f30f1efa4154534889fb4883ec084c8b25032207004d85e474468b0588090700
1280 00000000000000000000000000000000000000000000000000000000000000000000000000000000000000000000000000000000000000000000000000000000
1344 85c0753c4885db74247e4d4c89e04801d80f92c084c0745048c7c0c0ffffff64c7000c00000049c7c4ffffffff4883c4084c89e05b415cc30f1f840000000000
1344 00000000000000000000000000000000000000000000000000000000000000000000000000000000000000000000000000000000000000000000000000000000
1408 31ffe8696702004c8b25aa21070085c079b2ebd20f1f40004889d848f7d84939c40f92c084c075b0498d3c1ce83f67020085c078b14883c4084c89e05b415cc3
1408 00000000000000000000000000000000000000000000000000000000000000000000000000000000000000000000000000000000000000000000000000000000
1472 f30f1efa488b054d0307004885c07401c350488d0df7810400ba1c000000488d35bb810400488d3df2810400e86f19fbff662e0f1f8400000000000f1f440000
1472 00000000000000000000000000000000000000000000000000000000000000000000000000000000000000000000000000000000000000000000000000000000
1536 f30f1efa4883ec28bf0700000064488b042528000000488944241831c04889e6e8bbfeffff85c0b8000100000f490424488b5424186448331425280000007505
1536 00000000000000000000000000000000000000000000000000000000000000000000000000000000000000000000000000000000000000000000000000000000
1600 4883c428c3e8e62b0000660f1f440000f30f1efa41f7c1ff0f0000752b554889fd5389cb4885ff74374189da4889efb8090000000f05483d00f0ffff77625b5d
1600 00000000000000000000000000000000000000000000000000000000000000000000000000000000000000000000000000000000000000000000000000000000
1664 00000000000000000000000000000000000000000000000000000000000000000000000000000000000000000000000000000000000000000000000000000000
1728 00000000000000000000000000000000000000000000000000000000000000000000000000000000000000000000000000000000000000000000000000000000
1792 f30f1efab80b0000000f05483d01f0ffff7301c348c7c1c0fffffff7d86489014883c8ffc3662e0f1f84000000000090f30f1efab80a0000000f05483d01f0ff
1792 00000000000000000000000000000000000000000000000000000000000000000000000000000000000000000000000000000000000000000000000000000000
1856 ff7301c348c7c1c0fffffff7d86489014883c8ffc3662e0f1f84000000000090f30f1efab81c0000000f05483d01f0ffff7301c348c7c1c0fffffff7d8648901
1856 00000000000000000000000000000000000000000000000000000000000000000000000000000000000000000000000000000000000000000000000000000000
1920 4883c8ffc3662e0f1f8400000000009041554189d541544989f4554889fd48f74708feffffff750c48837f1000be0300000074314889ef31f641ffd4488b7d08
1920 00000000000000000000000000000000000000000000000000000000000000000000000000000000000000000000000000000000000000000000000000000000
1984 00000000000000000000000000000000000000000000000000000000000000000000000000000000000000000000000000000000000000000000000000000000
0 00000000000000000000000000000000000000000000000000000000000000000000000000000000000000000000000000000000000000000000000000000000
64 00000000000000000000000000000000000000000000000000000000000000000000000000000000000000000000000000000000000000000000000000000000
128 30000000bcfbf4ff05000000000000002c000000440000009dfcf4ffee07000000450e108602430d06508f038e048d058c06830703d5070c0708000000000000
128 00000000000000000000000000000000000000000000000000000000000000000000000000000000000000000000000000000000000000000000000000000000
192 00000000000000000000000000000000000000000000000000000000000000000000000000000000000000000000000000000000000000000000000000000000
256 00000000000000000000000000000000000000000000000000000000000000000000000000000000000000000000000000000000000000000000000000000000
320 00000000000000000000000000000000000000000000000000000000000000000000000000000000000000000000000000000000000000000000000000000000
384 00000000000000000000000000000000000000000000000000000000000000000000000000000000000000000000000000000000000000000000000000000000
448 00000000000000000000000000000000000000000000000000000000000000000000000000000000000000000000000000000000000000000000000000000000
512 00000000000000000000000000000000000000000000000000000000000000000000000000000000000000000000000000000000000000000000000000000000
576 00000000000000000000000000000000000000000000000000000000000000000000000000000000000000000000000000000000000000000000000000000000
640 00000000000000000000000000000000000000000000000000000000000000000000000000000000000000000000000000000000000000000000000000000000
704 00000000000000000000000000000000000000000000000000000000000000000000000000000000000000000000000000000000000000000000000000000000
768 00000000000000000000000000000000000000000000000000000000000000000000000000000000000000000000000000000000000000000000000000000000
832 00000000000000000000000000000000000000000000000000000000000000000000000000000000000000000000000000000000000000000000000000000000
896 00000000000000000000000000000000000000000000000000000000000000000000000000000000000000000000000000000000000000000000000000000000
960 00000000000000000000000000000000000000000000000000000000000000000000000000000000000000000000000000000000000000000000000000000000
1024 00000000000000000000000000000000000000000000000000000000000000000000000000000000000000000000000000000000000000000000000000000000
1088 00000000000000000000000000000000000000000000000000000000000000000000000000000000000000000000000000000000000000000000000000000000
1152 00000000000000000000000000000000000000000000000000000000000000000000000000000000000000000000000000000000000000000000000000000000
1216 00000000000000000000000000000000000000000000000000000000000000000000000000000000000000000000000000000000000000000000000000000000
1280 00000000000000000000000000000000000000000000000000000000000000000000000000000000000000000000000000000000000000000000000000000000
1344 00000000000000000000000000000000000000000000000000000000000000000000000000000000000000000000000000000000000000000000000000000000
1408 00000000000000000000000000000000000000000000000000000000000000000000000000000000000000000000000000000000000000000000000000000000
1472 00000000000000000000000000000000000000000000000000000000000000000000000000000000000000000000000000000000000000000000000000000000
1536 00000000000000000000000000000000000000000000000000000000000000000000000000000000000000000000000000000000000000000000000000000000
1600 00000000000000000000000000000000000000000000000000000000000000000000000000000000000000000000000000000000000000000000000000000000
1664 00000000000000000000000000000000000000000000000000000000000000000000000000000000000000000000000000000000000000000000000000000000
1728 00000000000000000000000000000000000000000000000000000000000000000000000000000000000000000000000000000000000000000000000000000000
1792 00000000000000000000000000000000000000000000000000000000000000000000000000000000000000000000000000000000000000000000000000000000
1856 00000000000000000000000000000000000000000000000000000000000000000000000000000000000000000000000000000000000000000000000000000000
1920 00000000000000000000000000000000000000000000000000000000000000000000000000000000000000000000000000000000000000000000000000000000
1984 00000000000000000000000000000000000000000000000000000000000000000000000000000000000000000000000000000000000000000000000000000000
0 00000000000000000000000000000000000000000000000000000000000000000000000000000000000000000000000000000000000000000000000000000000
64 00000000000000000000000000000000000000000000000000000000000000000000000000000000000000000000000000000000000000000000000000000000
128 00000000000000000000000000000000000000000000000000000000000000000000000000000000000000000000000000000000000000000000000000000000
192 00000000000000000000000000000000000000000000000000000000000000000000000000000000000000000000000000000000000000000000000000000000
256 00000000000000000000000000000000000000000000000000000000000000000000000000000000000000000000000000000000000000000000000000000000
320 00000000000000000000000000000000000000000000000000000000000000000000000000000000000000000000000000000000000000000000000000000000
384 00000000000000000000000000000000000000000000000000000000000000000000000000000000000000000000000000000000000000000000000000000000
448 00000000000000000000000000000000000000000000000000000000000000000000000000000000000000000000000000000000000000000000000000000000
512 55534889f34883ec0848c7c50000000048c706ffffffff4889560848894e1048897e1848c74620f80700004885ed740c488d3d89180300e8c4d5b6ff488b05b5
512 00000000000000000000000000000000000000000000000000000000000000000000000000000000000000000000000000000000000000000000000000000000
576 18030048891dae180300488943288b059418030085c074284885ed74134883c408488d3d581803005b5de991d5b6ff904883c4085b5dc3660f1f840000000000
576 00000000000000000000000000000000000000000000000000000000000000000000000000000000000000000000000000000000000000000000000000000000
640 c7055e18030001000000ebcc0f1f4000f30f1efa4885ff740f8b0785c07409e95cffffff0f1f4000c30f1f8000000000f30f1efa4885ff74178b0785c0741131
640 00000000000000000000000000000000000000000000000000000000000000000000000000000000000000000000000000000000000000000000000000000000
704 c931d2e938ffffff0f1f840000000000c366662e0f1f8400000000000f1f4000f30f1efa8b0785c07506c30f1f440000554889fdbf30000000e8523cf9ff4889
704 00000000000000000000000000000000000000000000000000000000000000000000000000000000000000000000000000000000000000000000000000000000
768 ef31c931d24889c65de9f2feffff6690f30f1efa55534889f34883ec0848c7c50000000048c706ffffffff4889560848894e1048897e1848c74620fa07000048
768 00000000000000000000000000000000000000000000000000000000000000000000000000000000000000000000000000000000000000000000000000000000
832 00000000000000000000000000000000000000000000000000000000000000000000000000000000000000000000000000000000000000000000000000000000
896 00000000000000000000000000000000000000000000000000000000000000000000000000000000000000000000000000000000000000000000000000000000
960 00000000000000000000000000000000000000000000000000000000000000000000000000000000000000000000000000000000000000000000000000000000
960 f9ff4889ef31c931d24889c65de93effffff66662e0f1f8400000000000f1f00f30f1efa415455534885ff0f84cf0000008b074889fb85c00f84c200000048c7
1024 00000000000000000000000000000000000000000000000000000000000000000000000000000000000000000000000000000000000000000000000000000000
1024 c5000000004885ed740c488d3daf160300e8ead3b6ff488b05db1603004885c0744e488d0dcf160300eb0f0f1f440000498d4c24284885c07436488b50184989
1088 00000000000000000000000000000000000000000000000000000000000000000000000000000000000000000000000000000000000000000000000000000000
1088 c4488b40284839d375e64889014885ed740c488d3d67160300e8a2d3b6ff4c89e05b5d415cc3662e0f1f8400000000004c8b25791603004d85e47454488d056d
1152 00000000000000000000000000000000000000000000000000000000000000000000000000000000000000000000000000000000000000000000000000000000
1152 160300eb170f1f00483b1f7463498d4424284d8b6424284d85e47434498b7c241841f64424200175df4839fb75df498b542428488910eb950f1f840000000000
1216 00000000000000000000000000000000000000000000000000000000000000000000000000000000000000000000000000000000000000000000000000000000
1216 4531e45b5d4c89e0415cc30f1f4400004885ed740c488d3de4150300e81fd3b6ffe8cee4f6ff662e0f1f840000000000498b542428488910e84340f9ffe94bff
1280 00000000000000000000000000000000000000000000000000000000000000000000000000000000000000000000000000000000000000000000000000000000
1280 ffff66662e0f1f8400000000000f1f00f30f1efae9c7feffff0f1f8000000000f30f1efa8b0785c07506c30f1f4400004883ec08e8a7feffff4883c4084889c7
1344 00000000000000000000000000000000000000000000000000000000000000000000000000000000000000000000000000000000000000000000000000000000
1344 e9fb3ff9ff66662e0f1f840000000000f30f1efa41574156415541544989f455534889fb4883ec388b057a15030085c00f858a0000004889e6488d3d80edffff
1408 00000000000000000000000000000000000000000000000000000000000000000000000000000000000000000000000000000000000000000000000000000000
1472 00000000000000000000000000000000000000000000000000000000000000000000000000000000000000000000000000000000000000000000000000000000
1536 00000000000000000000000000000000000000000000000000000000000000000000000000000000000000000000000000000000000000000000000000000000
1600 00000000000000000000000000000000000000000000000000000000000000000000000000000000000000000000000000000000000000000000000000000000
1664 00000000000000000000000000000000000000000000000000000000000000000000000000000000000000000000000000000000000000000000000000000000
1728 00000000000000000000000000000000000000000000000000000000000000000000000000000000000000000000000000000000000000000000000000000000
1792 00000000000000000000000000000000000000000000000000000000000000000000000000000000000000000000000000000000000000000000000000000000
1856 00000000000000000000000000000000000000000000000000000000000000000000000000000000000000000000000000000000000000000000000000000000
1920 00000000000000000000000000000000000000000000000000000000000000000000000000000000000000000000000000000000000000000000000000000000
1984 00000000000000000000000000000000000000000000000000000000000000000000000000000000000000000000000000000000000000000000000000000000
0 00000000000000000000000000000000000000000000000000000000000000000000000000000000000000000000000000000000000000000000000000000000
64 00000000000000000000000000000000000000000000000000000000000000000000000000000000000000000000000000000000000000000000000000000000
128 00000000000000000000000000000000000000000000000000000000000000000000000000000000000000000000000000000000000000000000000000000000
192 00000000000000000000000000000000000000000000000000000000000000000000000000000000000000000000000000000000000000000000000000000000
256 00000000000000000000000000000000000000000000000000000000000000000000000000000000000000000000000000000000000000000000000000000000
320 00000000000000000000000000000000000000000000000000000000000000000000000000000000000000000000000000000000000000000000000000000000
384 00000000000000000000000000000000000000000000000000000000000000000000000000000000000000000000000000000000000000000000000000000000
448 00000000000000000000000000000000000000000000000000000000000000000000000000000000000000000000000000000000000000000000000000000000
512 00000000000000000000000000000000000000000000000000000000000000000000000000000000000000000000000000000000000000000000000000000000
576 00000000000000000000000000000000000000000000000000000000000000000000000000000000000000000000000000000000000000000000000000000000
640 00000000000000000000000000000000000000000000000000000000000000000000000000000000000000000000000000000000000000000000000000000000
704 00000000000000000000000000000000000000000000000000000000000000000000000000000000000000000000000000000000000000000000000000000000
768 00000000000000000000000000000000000000000000000000000000000000000000000000000000000000000000000000000000000000000000000000000000
832 00000000000000000000000000000000000000000000000000000000000000000000000000000000000000000000000000000000000000000000000000000000
896 00000000000000000000000000000000000000000000000000000000000000000000000000000000000000000000000000000000000000000000000000000000
960 00000000000000000000000000000000000000000000000000000000000000000000000000000000000000000000000000000000000000000000000000000000
1024 00000000000000000000000000000000000000000000000000000000000000000000000000000000000000000000000000000000000000000000000000000000
1088 00000000000000000000000000000000000000000000000000000000000000000000000000000000000000000000000000000000000000000000000000000000
1152 00000000000000000000000000000000000000000000000000000000000000000000000000000000000000000000000000000000000000000000000000000000
1216 00000000000000000000000000000000000000000000000000000000000000000000000000000000000000000000000000000000000000000000000000000000
1280 00000000000000000000000000000000000000000000000000000000000000000000000000000000000000000000000000000000000000000000000000000000
1344 00000000000000000000000000000000000000000000000000000000000000000000000000000000000000000000000000000000000000000000000000000000
1408 00000000000000000000000000000000000000000000000000000000000000000000000000000000000000000000000000000000000000000000000000000000
1472 00000000000000000000000000000000000000000000000000000000000000000000000000000000000000000000000000000000000000000000000000000000
1536 00000000000000000000000000000000000000000000000000000000000000000000000000000000000000000000000000000000000000000000000000000000
1600 00000000000000000000000000000000000000000000000000000000000000000000000000000000000000000000000000000000000000000000000000000000
1664 ff000081e1ffff000029c8c30f1f400025ff00000081e1ff00000029c8c36690f30f1efa4839d10f82531102000f1f00f30f1efa4889f84801d0eb1b0f1f4000
1664 00000000000000000000000000000000000000000000000000000000000000000000000000000000000000000000000000000000000000000000000000000000
1728 f30f1efa4839d10f82331102000f1f00f30f1efa4889f84883fa4f4c8d1d7e4e0600771c4d630c934801d64801d74d01d93e41ffe10f0b660f1f840000000000
1728 00000000000000000000000000000000000000000000000000000000000000000000000000000000000000000000000000000000000000000000000000000000
1792 4038fe7e5bf30f6f064889f94883e7f04883c7104989c84829f94801ca4829ce488b0d31e908004839ca4989f10f87ad2700004983e10f0f8483000000488b0d
1792 00000000000000000000000000000000000000000000000000000000000000000000000000000000000000000000000000000000000000000000000000000000
1856 34e908004c8d1d554f06004f630c8b4f8d0c0b3e41ffe10f0b0f1f8000000000f30f6f4416f04801d64c8d4417f04801d74889f94883e10f4831cf4829ca4829
1856 00000000000000000000000000000000000000000000000000000000000000000000000000000000000000000000000000000000000000000000000000000000
1920 ce488b0dd0e808004839ca4989f10f872c2800004983e10f0f8452020000488b0dd3e808004c8d1d344f06004f630c8b4f8d0c0b3e41ffe10f0b660f1f440000
1920 00000000000000000000000000000000000000000000000000000000000000000000000000000000000000000000000000000000000000000000000000000000
1984 00000000000000000000000000000000000000000000000000000000000000000000000000000000000000000000000000000000000000000000000000000000
0 00000000000000000000000000000000000000000000000000000000000000000000000000000000000000000000000000000000000000000000000000000000
64 00000000000000000000000000000000000000000000000000000000000000000000000000000000000000000000000000000000000000000000000000000000
128 00000000000000000000000000000000000000000000000000000000000000000000000000000000000000000000000000000000000000000000000000000000
192 00000000000000000000000000000000000000000000000000000000000000000000000000000000000000000000000000000000000000000000000000000000
256 00000000000000000000000000000000000000000000000000000000000000000000000000000000000000000000000000000000000000000000000000000000
320 00000000000000000000000000000000000000000000000000000000000000000000000000000000000000000000000000000000000000000000000000000000
384 00000000000000000000000000000000000000000000000000000000000000000000000000000000000000000000000000000000000000000000000000000000
448 00000000000000000000000000000000000000000000000000000000000000000000000000000000000000000000000000000000000000000000000000000000
512 f30f1efa4154554889fd534881eca000000064488b042528000000488984249800000031c08b477085c00f88a8000000488b9fd800000048c7c2602b4c0048c7
512 00000000000000000000000000000000000000000000000000000000000000000000000000000000000000000000000000000000000000000000000000000000
576 c008324c004889d94829d04829d14839c80f86f90000004889e64889efff939000000085c078718b4424182500f000003d002000000f847d000000488b5c2438
576 00000000000000000000000000000000000000000000000000000000000000000000000000000000000000000000000000000000000000000000000000000000
640 488d43ff483dfe1f0000774c4889dfe8bc2cfbff4889c64885c07451488d1418b9010000004889efe853b5faffb801000000488b8c24980000006448330c2528
640 00000000000000000000000000000000000000000000000000000000000000000000000000000000000000000000000000000000000000000000000000000000
704 0000000f85910000004881c4a00000005b5d415cc30f1f00bb002000004889dfe86b2cfbff4889c64885c075afb8ffffffffebbe0f1f4000488b4424284889c2
704 00000000000000000000000000000000000000000000000000000000000000000000000000000000000000000000000000000000000000000000000000000000
768 48c1e82048c1ea082500f0ffff81e2ff0f000009d02d8800000083f8077711814d0000020000e950ffffff0f1f44000048c7c3c0ffffff8b7d7064448b23e88d
768 00000000000000000000000000000000000000000000000000000000000000000000000000000000000000000000000000000000000000000000000000000000
832 4800006444892385c075d4e92bffffffe82b7afaffe9fdfeffffe8d10efeff90f30f1efa41554154554889fd534889f34883ec08e807d6f8ff8b134989c481e2
832 00000000000000000000000000000000000000000000000000000000000000000000000000000000000000000000000000000000000000000000000000000000
896 00000000000000000000000000000000000000000000000000000000000000000000000000000000000000000000000000000000000000000000000000000000
960 00000000000000000000000000000000000000000000000000000000000000000000000000000000000000000000000000000000000000000000000000000000
1024 00000000000000000000000000000000000000000000000000000000000000000000000000000000000000000000000000000000000000000000000000000000
1088 00000000000000000000000000000000000000000000000000000000000000000000000000000000000000000000000000000000000000000000000000000000
1152 00000000000000000000000000000000000000000000000000000000000000000000000000000000000000000000000000000000000000000000000000000000
1216 00000000000000000000000000000000000000000000000000000000000000000000000000000000000000000000000000000000000000000000000000000000
1280 00000000000000000000000000000000000000000000000000000000000000000000000000000000000000000000000000000000000000000000000000000000
1344 00000000000000000000000000000000000000000000000000000000000000000000000000000000000000000000000000000000000000000000000000000000
1408 00000000000000000000000000000000000000000000000000000000000000000000000000000000000000000000000000000000000000000000000000000000
1472 00000000000000000000000000000000000000000000000000000000000000000000000000000000000000000000000000000000000000000000000000000000
1536 00000000000000000000000000000000000000000000000000000000000000000000000000000000000000000000000000000000000000000000000000000000
1600 00000000000000000000000000000000000000000000000000000000000000000000000000000000000000000000000000000000000000000000000000000000
1664 00000000000000000000000000000000000000000000000000000000000000000000000000000000000000000000000000000000000000000000000000000000
1728 00000000000000000000000000000000000000000000000000000000000000000000000000000000000000000000000000000000000000000000000000000000
1792 00000000000000000000000000000000000000000000000000000000000000000000000000000000000000000000000000000000000000000000000000000000
1856 00000000000000000000000000000000000000000000000000000000000000000000000000000000000000000000000000000000000000000000000000000000
1920 00000000000000000000000000000000000000000000000000000000000000000000000000000000000000000000000000000000000000000000000000000000
1984 00000000000000000000000000000000000000000000000000000000000000000000000000000000000000000000000000000000000000000000000000000000
0 00000000000000000000000000000000000000000000000000000000000000000000000000000000000000000000000000000000000000000000000000000000
64 00000000000000000000000000000000000000000000000000000000000000000000000000000000000000000000000000000000000000000000000000000000
128 00000000000000000000000000000000000000000000000000000000000000000000000000000000000000000000000000000000000000000000000000000000
192 00000000000000000000000000000000000000000000000000000000000000000000000000000000000000000000000000000000000000000000000000000000
256 00000000000000000000000000000000000000000000000000000000000000000000000000000000000000000000000000000000000000000000000000000000
320 00000000000000000000000000000000000000000000000000000000000000000000000000000000000000000000000000000000000000000000000000000000
384 00000000000000000000000000000000000000000000000000000000000000000000000000000000000000000000000000000000000000000000000000000000
448 00000000000000000000000000000000000000000000000000000000000000000000000000000000000000000000000000000000000000000000000000000000
512 00000000000000000000000000000000000000000000000000000000000000000000000000000000000000000000000000000000000000000000000000000000
576 00000000000000000000000000000000000000000000000000000000000000000000000000000000000000000000000000000000000000000000000000000000
640 00000000000000000000000000000000000000000000000000000000000000000000000000000000000000000000000000000000000000000000000000000000
704 00000000000000000000000000000000000000000000000000000000000000000000000000000000000000000000000000000000000000000000000000000000
768 00000000000000000000000000000000000000000000000000000000000000000000000000000000000000000000000000000000000000000000000000000000
832 00000000000000000000000000000000000000000000000000000000000000000000000000000000000000000000000000000000000000000000000000000000
832 c78508f7ffff01000000e9f5f9ffff90f30f1efa554889e5415741564989d641554989f541544989fc534881ec38050000898d48fbffff64488b042528000000
896 00000000000000000000000000000000000000000000000000000000000000000000000000000000000000000000000000000000000000000000000000000000
896 488945c831c048c7c0c0ffffff648b0089852cfbffff8b87c000000085c00f85ec000000c787c0000000ffffffff458b3c2441f6c7080f85952400004d85ed0f
960 00000000000000000000000000000000000000000000000000000000000000000000000000000000000000000000000000000000000000000000000000000000
960 84932a00004489fb83e3020f851f040000f3410f6f0e498b4610be250000004c89ef488985c8fbffff0f118db8fbffffe8abccfeff4181e70080000048898540
1024 00000000000000000000000000000000000000000000000000000000000000000000000000000000000000000000000000000000000000000000000000000000
1024 fbffff4489bd4cfbffff0f859800000048833d98cb0a00000f84f203000048c7c630cd4600488dbd90fbffff4c89e2e8ccbbbeff41f7042400800000c7854cfb
1088 00000000000000000000000000000000000000000000000000000000000000000000000000000000000000000000000000000000000000000000000000000000
1088 ffff01000000756a498bbc2488000000644c8b3c25100000004c397f087424648b04251800000085c00f85391d0000ba010000000fb117498bbc24880000004c
1152 00000000000000000000000000000000000000000000000000000000000000000000000000000000000000000000000000000000000000000000000000000000
1152 897f0883470401eb290f1f800000000083f8ff0f8415ffffff41b9ffffffffe9530200000f1f4000c7854cfbffff00000000498b8424d800000048c7c108324c
1216 00000000000000000000000000000000000000000000000000000000000000000000000000000000000000000000000000000000000000000000000000000000
1216 004881e9602b4c004889c24881ea602b4c0048898d30fbffff4839d10f864e0300004c8bbd40fbffff4c89ee4c89e74d29ef4c89faff50384939c70f857f0200
1280 00000000000000000000000000000000000000000000000000000000000000000000000000000000000000000000000000000000000000000000000000000000
1280 004981ffffffff7f0f8f42030000488bbd40fbffff4589f9803f000f84a7010000488b0520040b00488985c8faffff4885c00f85101d000048833d10040b0000
1344 00000000000000000000000000000000000000000000000000000000000000000000000000000000000000000000000000000000000000000000000000000000
1344 0f851a01000048833d22040b00000f850c0100008b8548fbffff4889fbc785c0faffff00000000c785ecfaffff0000000048c785d8faffffffffffff89c683e6
1408 00000000000000000000000000000000000000000000000000000000000000000000000000000000000000000000000000000000000000000000000000000000
1408 0289b5b0faffff89c683e00883e6018985b4faffff4088b5bbfaffff440fb67b01418d47e03c5a0f8733020000488d43014531d24531db41b8ffffffff488985
1472 00000000000000000000000000000000000000000000000000000000000000000000000000000000000000000000000000000000000000000000000000000000
1472 38fbffff410fbec7488d1d71240800488d354aa10a0083e820c785e0faffff000000004898c785c4faffff000000000fb60403c78518fbffff00000000c78500
1536 00000000000000000000000000000000000000000000000000000000000000000000000000000000000000000000000000000000000000000000000000000000
1536 fbffff00000000488b04c6488d75c8c785d0faffff00000000c78528fbffff00000000c78510fbffff00000000c785e8faffff00000000c785e4faffff000000
1600 f30f1efa8b05de010700ba6400000085c00f44c2c3662e0f1f84000000000090f30f1efa4885f6744755534889f34883ec08488b2e4885ed74294889efbe2f00
1600 00000000000000000000000000000000000000000000000000000000000000000000000000000000000000000000000000000000000000000000000000000000
1600 0048c78520fbffff00000000c685f8faffff204889b508fbffffffe00f1f4000c785c0faffff0000000048c785d8faffffffffffff8b8548fbffff4883ec084c
1664 0000e8f9c9faff488d50014885c0480f45ea48892defd90600488b03488905edd906004883c4085b5dc3660f1f440000c3662e0f1f8400000000000f1f440000
1664 00000000000000000000000000000000000000000000000000000000000000000000000000000000000000000000000000000000000000000000000000000000
1664 89f14c89ee8b95c0faffff4c8d85b8fbffff4c89e7508b852cfbffffffb5c8faffffffb5d8faffff50488d85e0fbffff50ffb540fbffff53e8d3d1ffff4883c4
1728 f30f1efa4989cab8190000000f05483d01f0ffff7301c348c7c1c0fffffff7d86489014883c8ffc30f1f840000000000f30f1efab8630000000f05483d01f0ff
1728 00000000000000000000000000000000000000000000000000000000000000000000000000000000000000000000000000000000000000000000000000000000
1728 404189c10f1f400041f70424008000007517498bbc24880000008b470483e8018947040f84cf0000008b8d4cfbffff85c90f8599000000488b45c86448330425
1792 ff7301c348c7c1c0fffffff7d86489014883c8ffc3662e0f1f84000000000090f30f1efa4155415455534883ec0848c7c0a0ffffff64488b004c8b28498b9d98
1792 00000000000000000000000000000000000000000000000000000000000000000000000000000000000000000000000000000000000000000000000000000000
1792 280000000f85562d0000488d65d84489c85b415c415d415e415f5dc30f1f4000f30f1efaf30f1efa488b8538fbffff440fb67801488d5001418d47e03c5a0f86
1856 00000000000000000000000000000000000000000000000000000000000000000000000000000000000000000000000000000000000000000000000000000000
1856 2c0100000f1f4000f30f1efa4584ff0f856b01000048c7c0c0ffffff64c700160000000f1f4400004883bd20fbffff00740e488bbd20fbffffe8c22501006690
1920 00000000000000000000000000000000000000000000000000000000000000000000000000000000000000000000000000000000000000000000000000000000
1920 41b9ffffffffe93dffffff0f1f440000488dbd90fbffff31f644898d4cfbffffe85bb8beff448b8d4cfbffffe946ffffff0f1f800000000048c7470800000000
1984 00000000000000000000000000000000000000000000000000000000000000000000000000000000000000000000000000000000000000000000000000000000
1984 648b14251800000085d20f85d01a0000832f01e911ffffff0f1f84000000000048c78520fbffff00000000e958ffffff8b8d48fbffff4c89f24c89ee4c89e7e8
0 00000000000000000000000000000000000000000000000000000000000000000000000000000000000000000000000000000000000000000000000000000000
0 9c2e00004189c1e9ebfeffff0f1f400048c7c030cd46004c89a598fbffff48898590fbffffe91efcffff660f1f44000048898538fbffffe8446d0000488b8538
64 00000000000000000000000000000000000000000000000000000000000000000000000000000000000000000000000000000000000000000000000000000000
64 fbffffe99afcffff0f1f84000000000048c7c0c0ffffff41b9ffffffff64c7004b000000e95ffeffff0f1f8000000000410fbec74531db488d35a29a0a004889
128 00000000000000000000000000000000000000000000000000000000000000000000000000000000000000000000000000000000000000000000000000000000
192 00000000000000000000000000000000000000000000000000000000000000000000000000000000000000000000000000000000000000000000000000000000
256 00000000000000000000000000000000000000000000000000000000000000000000000000000000000000000000000000000000000000000000000000000000
320 00000000000000000000000000000000000000000000000000000000000000000000000000000000000000000000000000000000000000000000000000000000
384 00000000000000000000000000000000000000000000000000000000000000000000000000000000000000000000000000000000000000000000000000000000
448 00000000000000000000000000000000000000000000000000000000000000000000000000000000000000000000000000000000000000000000000000000000
512 00000000000000000000000000000000000000000000000000000000000000000000000000000000000000000000000000000000000000000000000000000000
512 fbffff000f8512080000660f1f4400008385ecfaffff014883bd20fbffff000f85131500004c8b8538fbffffbe2500000044898d20fbffff4983c0014c89c74c
576 00000000000000000000000000000000000000000000000000000000000000000000000000000000000000000000000000000000000000000000000000000000
576 898538fbffffe855c6feff448b8d20fbffff4c8b8538fbffff4889c34585c90f88742a0000498b8424d80000004889c24881ea602b4c0048399530fbffff0f86
640 f30f1efac366662e0f1f840000000000f30f1efa488d05e5fc06004885f67414488d04f6488d15d5d6060048c1e004488d4402684883780800743d4885ff7430
640 00000000000000000000000000000000000000000000000000000000000000000000000000000000000000000000000000000000000000000000000000000000
640 7c1400004989df44898d38fbffff4c89c64c89e74d29c74c89faff50384939c70f85dafcffff448b8d38fbffffb8ffffff7f4429c848984939c70f8f90fdffff
704 c70001000000488d14f6488d0dafd606004889782048c1e204488b1411488d0d9cffffff4889481048895008c30f1f00c30f1f8000000000c700010000004885
704 00000000000000000000000000000000000000000000000000000000000000000000000000000000000000000000000000000000000000000000000000000000
704 4501f9803b000f85d0faffffe9f7fbffff0f1f8000000000f30f1efa418b0683f82f0f878818000089c283c008490356104189064c8b1a4d85db0f8410120000
768 ff75c3488b3d96fc0600ebba0f1f40008b470883f8037428488b1683f80174027626483b5710721c483b5718771648895720c6472801c3660f1f840000000000
768 00000000000000000000000000000000000000000000000000000000000000000000000000000000000000000000000000000000000000000000000000000000
768 8b9d18fbffff85db0f85221900004180ff530f84181900004183f8ff0f84061b00004963f04c89df44898df8faffff44899500fbffff4c899d18fbffffe8eec4
832 48897720c30f1f00483b57107cf6483b57187ff048895720c6472801c30f1f00f30f1efa89ff488d15b3b80600488d04fd000000004829f8488d04c28b500883
832 00000000000000000000000000000000000000000000000000000000000000000000000000000000000000000000000000000000000000000000000000000000
896 00000000000000000000000000000000000000000000000000000000000000000000000000000000000000000000000000000000000000000000000000000000
960 c6402801c366662e0f1f840000000000f30f1efa41574989f841564155415455534883ec388b15b5be060085d20f850b0500004d89c5662e0f1f840000000000
960 00000000000000000000000000000000000000000000000000000000000000000000000000000000000000000000000000000000000000000000000000000000
1024 4d85ed0f8411010000498b5d004885db0f84040100000fb6134d8d7d0880fa3d0f845f04000084d20f8457040000b8010000000f1f4400000fb614034889c148
1024 00000000000000000000000000000000000000000000000000000000000000000000000000000000000000000000000000000000000000000000000000000000
1088 83c00184d20f84c300000080fa3d75e884d20f84b6000000488d6901488d35a6540400ba47000000488d042b48894424084889d8eb25662e0f1f840000000000
1088 00000000000000000000000000000000000000000000000000000000000000000000000000000000000000000000000000000000000000000000000000000000
1152 00000000000000000000000000000000000000000000000000000000000000000000000000000000000000000000000000000000000000000000000000000000
1216 00000000000000000000000000000000000000000000000000000000000000000000000000000000000000000000000000000000000000000000000000000000
1280 4183c1014983c0384183f91a75aa4d89fd4d85ed0f85effeffff4883c4385b5d415c415d415e415fc30f1f800000000080383d75cb4585db7411418b400485c0
1280 00000000000000000000000000000000000000000000000000000000000000000000000000000000000000000000000000000000000000000000000000000000
1344 0f84ab02000083f80275b54963d9488d3dcbb60600488d04dd000000004829d8488d04c7837808030f847a020000488b7c240831f6e836c70200488944242848
1344 00000000000000000000000000000000000000000000000000000000000000000000000000000000000000000000000000000000000000000000000000000000
1408 00000000000000000000000000000000000000000000000000000000000000000000000000000000000000000000000000000000000000000000000000000000
1472 00000000000000000000000000000000000000000000000000000000000000000000000000000000000000000000000000000000000000000000000000000000
1536 00000000000000000000000000000000000000000000000000000000000000000000000000000000000000000000000000000000000000000000000000000000
1600 00000000000000000000000000000000000000000000000000000000000000000000000000000000000000000000000000000000000000000000000000000000
1664 00000000000000000000000000000000000000000000000000000000000000000000000000000000000000000000000000000000000000000000000000000000
1728 00000000000000000000000000000000000000000000000000000000000000000000000000000000000000000000000000000000000000000000000000000000
1792 00000000000000000000000000000000000000000000000000000000000000000000000000000000000000000000000000000000000000000000000000000000
1856 00000000000000000000000000000000000000000000000000000000000000000000000000000000000000000000000000000000000000000000000000000000
1920 00000000000000000000000000000000000000000000000000000000000000000000000000000000000000000000000000000000000000000000000000000000
1984 00000000000000000000000000000000000000000000000000000000000000000000000000000000000000000000000000000000000000000000000000000000
0 00000000000000000000000000000000000000000000000000000000000000000000000000000000000000000000000000000000000000000000000000000000
64 00000000000000000000000000000000000000000000000000000000000000000000000000000000000000000000000000000000000000000000000000000000
128 00000000000000000000000000000000000000000000000000000000000000000000000000000000000000000000000000000000000000000000000000000000
192 4c8b46d84c8b4ee04c8b56e84c8b5ef0488b56f84c8947d84c894fe04c8957e84c895ff0488957f8c30f1f80000000004c8b4ee04c8b56e84c8b5ef0488b56f8
192 00000000000000000000000000000000000000000000000000000000000000000000000000000000000000000000000000000000000000000000000000000000
256 4c894fe04c8957e84c895ff0488957f8c366662e0f1f8400000000000f1f40004c8b56e84c8b5ef0488b56f84c8957e84c895ff0488957f8c30f1f8000000000
256 00000000000000000000000000000000000000000000000000000000000000000000000000000000000000000000000000000000000000000000000000000000
320 3452040031c0e805c20200bf7f000000e8abb7ffff66662e0f1f840000000000f30f1efa89ff488d0db3b20600488d04fd000000004829f8488d04c1448b4008
320 4c8b5ef0488b56f84c895ff0488957f8c366662e0f1f8400000000000f1f4000488b56f8488957f8c30f1f8000000000f30f6f46b7f30f6f4ec7488b4ed74c8b
320 00000000000000000000000000000000000000000000000000000000000000000000000000000000000000000000000000000000000000000000000000000000
384 488b40204183f802773e4585c075398906488d04fd000000004829f8807cc12800488d34c50000000074154885d27410488d7c3120ffe2660f1f840000000000
384 4edf4c8b56e74c8b5eef4c8b46f78b56fcf30f7f47b7f30f7f4fc748894fd74c894fdf4c8957e74c895fef4c8947f78957fcc366662e0f1f8400000000006690
384 00000000000000000000000000000000000000000000000000000000000000000000000000000000000000000000000000000000000000000000000000000000
384 fdffff488b15c6cf0200488b38488910c705fecf020000000000e8a11bf9ffe9c8fdfffff30f1efa4883ec084883c408c3000000000000000000000000000000
448 c30f1f8000000000488906ebc40f1f00f30f1efa488b0748893d02f606004885c00f84f90300004157488b3510eb06004531db4531c941568b0d92f606004531
448 00000000000000000000000000000000000000000000000000000000000000000000000000000000000000000000000000000000000000000000000000000000
448 00000000000000000000000000000000000000000000000000000000000000000000000000000000000000000000000000000000000000000000000000000000
512 f64531c041554c8b150bcf0600488d15ac5204004c8b3d2df606004c8b2deef5060041544531e4558b2dfaf5060053488b1dfaf5060048897424d88b355fb806
512 00000000000000000000000000000000000000000000000000000000000000000000000000000000000000000000000000000000000000000000000000000000
576 0048895c24e0488b1d13b80600897424ec488b35b0ea060048895c24f00fb71da8ce0600894c24f8488b0d79f50600c64424ff00c64424fe00c64424fd00c644
576 00000000000000000000000000000000000000000000000000000000000000000000000000000000000000000000000000000000000000000000000000000000
640 24eb00c64424ea00c64424fc0066895c24e831db48897424d031f648894c24c831c9660f1f4400004883e8034883f81e771e486304824801d03effe00f1f4000
640 00000000000000000000000000000000000000000000000000000000000000000000000000000000000000000000000000000000000000000000000000000000
704 488b4708c64424ff0148894424f06690488b47104883c7104885c075cb0f1f004584c90f85e70200004584db7406892d34f5060084db74074c892d11f5060045
704 00000000000000000000000000000000000000000000000000000000000000000000000000000000000000000000000000000000000000000000000000000000
768 84e474074c893d3df506004584f6740c488b4424c8488905ccf40600807c24fc00740c488b4424d0488905d9e90600807c24ea00740c488b4424d8488905bee9
768 4c8b5eef488b4ef78b56fc4c895fef48894ff78957fcc3660f1f840000000000488b4ef78b56fc48894ff78957fcc3908a56ff8857ffc3660f1f840000000000
768 00000000000000000000000000000000000000000000000000000000000000000000000000000000000000000000000000000000000000000000000000000000
832 0600807c24eb00740c0fb74424e8668905b7cd0600807c24fd00740c488b4424e0488905c8f40600807c24fe0074148b4424ec890527b706008b4424f889050d
832 f30f6f46b6f30f6f4ec64c8b46d64c8b4ede4c8b56e64c8b5eee488b4ef68b56fcf30f7f47b6f30f7f4fc64c8947d64c894fde4c8957e64c895fee48894ff689
832 00000000000000000000000000000000000000000000000000000000000000000000000000000000000000000000000000000000000000000000000000000000
896 f50600807c24ff00740c488b4424f0488905cab6060083f90f7518c705ebf406000100000031c04109f00f95c08905edb606005b5d415c415d415e415fc36690
896 00000000000000000000000000000000000000000000000000000000000000000000000000000000000000000000000000000000000000000000000000000000
896 00c785e4faffff01000000c785f0faffff100000000f1f004585c00f887f0a00000f8439080000c685f8faffff204963d831c98b95f0faffff4180ff58488bb5
960 488b47084883c710c64424fd0148894424e0488b074885c00f85cafeffffe9fdfeffff0f1f440000488b47084883c710c64424ea0148894424d8488b074885c0
960 00000000000000000000000000000000000000000000000000000000000000000000000000000000000000000000000000000000000000000000000000000000
960 08fbffff488bbd00fbffff0f94c144898dbcfaffff448995c4faffffe8ef1e0500488b8dd8faffff448b95c4faffff448b8dbcfaffff4989c34885c974468b85
1024 0f85a2feffffe9d5feffff0f1f4400008b47084883c710c64424fe01b9ffffffffc74424f801000000894424ec488b074885c00f856ffeffffe9a2feffff6690
1024 00000000000000000000000000000000000000000000000000000000000000000000000000000000000000000000000000000000000000000000000000000000
1024 d0faffff85c0743c4c8b85c8faffff488b9508fbffff4c89de488dbde0fbffff44898dc4faffff448995d0faffffe8edbeffff448b8dc4faffff448b95d0faff
1088 0fb747084883c710c64424eb0166894424e8488b074885c00f854afeffffe97dfeffff0f1f4400008b6f08488b47104883c71041bb010000004885c00f8526fe
1088 00000000000000000000000000000000000000000000000000000000000000000000000000000000000000000000000000000000000000000000000000000000
1088 ff4989c383bdf0faffff0a753b8b85e0faffff85c07431488bb508fbffff4c89df44898de0faffff448995d0faffff4889f2e8f9bfffff448b8de0faffff448b
1152 ffffe959feffff660f1f840000000000488b47084883c710c64424fc0148894424d0488b074885c00f85fafdffffe92dfeffff0f1f440000488b47084883c710
1152 00000000000000000000000000000000000000000000000000000000000000000000000000000000000000000000000000000000000000000000000000000000
1152 95d0faffff4989c3488b8d08fbffff4c29d94839d90f8db5070000b8000000004829cb480f48d88b8510fbffff4189d885c00f85880500004489d0898d10fbff
1216 41be0100000048894424c8488b074885c00f85d1fdffffe904feffff0f1f4000337708488b47104883c71083c9084885c00f85b1fdffffe9e4fdffff0f1f4000
1216 00000000000000000000000000000000000000000000000000000000000000000000000000000000000000000000000000000000000000000000000000000000
1216 ff29c829d84883bd00fbffff0089c3741b0fb685e4faffff83e00183bdf0faffff1075088d53fe84c00f45da8b8528fbffff0b85e8faffff0b8518fbffff0f84
1280 337708488b47104883c71083c9044885c00f8591fdffffe9c4fdffff0f1f400044334708488b47104883c71083c9024885c00f8570fdffffe9a3fdffff0f1f00
1280 00000000000000000000000000000000000000000000000000000000000000000000000000000000000000000000000000000000000000000000000000000000
1280 2c09000083eb0180bdf8faffff200f84122100008b8518fbffff85c00f844e0b0000498b442428493b4424300f83ae1a0000488d50014989542428c6002d4181
1344 44334708488b47104883c71083c9014885c00f8550fdffffe983fdffff0f1f00488b47084885c04c0f45d0b801000000440f45c8488b47104883c7104885c00f
1344 00000000000000000000000000000000000000000000000000000000000000000000000000000000000000000000000000000000000000000000000000000000
1344 f9ffffff7f0f841df2ffff4183c1014883bd00fbffff00746983bdf0faffff1075608bb5e4faffff85f67456498b442428493b4424300f83e41d0000488d5001
1408 8523fdffffe956fdffff660f1f4400004c8b7f08488b47104883c71041bc010000004885c00f85fdfcffffe930fdffff4c8b6f08488b47104883c710bb010000
1408 00000000000000000000000000000000000000000000000000000000000000000000000000000000000000000000000000000000000000000000000000000000
1408 4989542428c600304181f9ffffff7f0f84d3f1ffff498b442428493b4424300f83611d0000488d500149895424284488384181f9feffff7f0f84aaf1ffff4183
1472 004885c00f85defcffffe911fdffff904c891541cb0600e90dfdffff0f1f4000c366662e0f1f8400000000000f1f4000f30f1efa41564155415455534883ec50
1472 00000000000000000000000000000000000000000000000000000000000000000000000000000000000000000000000000000000000000000000000000000000
1472 c1024401c385db0f8f1b0a00004585c90f88e41e0000498b9c24d80000004889d84881e8602b4c0048398530fbffff0f864f15000048898d18fbffff4889ca4c
1536 e8bbd20200488d3ddf50040048890555cf0600488b05f6f10600488905a7ce0600488b0520f20600668905a9ce0600e8fcacfbff31d24885c0740831d2803800
1536 00000000000000000000000000000000000000000000000000000000000000000000000000000000000000000000000000000000000000000000000000000000
1536 89de4c89e744898d08fbffffff5338488b8d18fbffff4839c10f8549f1ffff448b8d08fbffffb8ffffff7f4429c848984839c80f8c2ffcffff44038d10fbffff
1600 0f95c248833de5f10600008915eff106000f84890a0000488d35d77305004531c94531c031c9ba010000004889f7e86d8c02004889c54885c00f84610a000048
1600 00000000000000000000000000000000000000000000000000000000000000000000000000000000000000000000000000000000000000000000000000000000
1600 e9cbf3ffff0f1f00f30f1efac785f0faffff0a0000008bbd18fbffff418b0685ff0f845906000083f82f0f87580b000089c283c00849035610418906c78528fb
1664 8b3daaf1060031c9488b47200fb777384801f86689b5b8020000488985a80200004885f67529eb520f1f84000000000083fa010f849708000083fa070f84de0b
1664 00000000000000000000000000000000000000000000000000000000000000000000000000000000000000000000000000000000000000000000000000000000
1664 8b56fc4c894fdd4c8957e54c895fed48894ff58957fcc3660f1f8400000000004c8b56e54c8b5eed488b4ef58b56fc4c8957e54c895fed48894ff58957fcc390
1664 ffff00000000488b02c785e8faffff0000000048898500fbffffc78518fbffff00000000e9effcffff0f1f8000000000f30f1efa498b442428493b4424300f83
1728 00004883c1014883c0384839f1742b8b1083fa0275da488b50104883c1014883c03848895510488b50f048c1ea04668995ba0200004839f175d54889bd500300
1728 4c8b5eed488b4ef58b56fc4c895fed48894ff58957fcc3660f1f840000000000488b4ef58b56fc48894ff58957fcc390668b56fd668b4efe668957fd66894ffe
1728 00000000000000000000000000000000000000000000000000000000000000000000000000000000000000000000000000000000000000000000000000000000
1728 461a0000488d50014989542428c600254181f9ffffff7f0f848bf0ffff4183c101e92af3ffff662e0f1f840000000000f30f1efa488b8538fbffff440fb67801
1792 00482b7d004889fa4801bd580300004889f94801bd600300004803551048897d00488955100f84d9020000488b02488d7d404885c0746f41b8ffffff6f41bbff
1792 c366662e0f1f8400000000000f1f4000f30f6f46b4f30f6f4ec44c8b46d44c8b4edc4c8b56e44c8b5eec488b4ef48b56fcf30f7f47b4f30f7f4fc44c8947d44c
1792 00000000000000000000000000000000000000000000000000000000000000000000000000000000000000000000000000000000000000000000000000000000
1792 488d5001418d47e03c5a0f8738f0ffff410fbec748899538fbffffc78518fbffff0100000083e82048980fb60c03488d05eb8a0a00488b04c8ffe00f1f440000
1856 fdff6fbb35feff6f41bcfffeff6f41bd41ffff6f41ba3200000041b922000070eb2d660f1f4400004c89c64829c64883fe0f0f87380800004c89ce4829c64889
1856 894fdc4c8957e44c895fec48894ff48957fcc366662e0f1f8400000000006690f30f6f46bcf30f6f4ecc4c8b4edc4c8b56e44c8b5eec488b4ef48b56fcf30f7f
1856 00000000000000000000000000000000000000000000000000000000000000000000000000000000000000000000000000000000000000000000000000000000
1856 f30f1efa488b8538fbffff440fb67801488d5001418d47e03c5a0f87e8efffff410fbec7488d35b58b0a0048899538fbffffc78500fbffff0000000083e820c7
1920 14f7488b42104883c2104885c074174883f82277d3488914c7488b42104883c2104885c075e94885c90f8495010000488b45604885c00f84f8090000488b5808
1920 47bcf30f7f4fcc4c894fdc4c8957e44c895fec48894ff48957fcc30f1f440000f30f6f46c44c8b46d44c8b4edc4c8b56e44c8b5eec488b4ef48b56fcf30f7f47
1920 00000000000000000000000000000000000000000000000000000000000000000000000000000000000000000000000000000000000000000000000000000000
1920 85c4faffff0100000048980fb60403488b04c6ffe00f1f00f30f1efa488b8538fbffff440fb67801488d5001418d47e03c5a0f8790efffff410fbec7488d355d
1984 488b10488d0516b20600bf5000000048894560be10000000b87000000041b8400000004801cb488915f3b1060041ba30000000ba6000000048891de9b1060041
1984 00000000000000000000000000000000000000000000000000000000000000000000000000000000000000000000000000000000000000000000000000000000
1984 c44c8947d44c894fdc4c8957e44c895fec48894ff48957fcc30f1f8000000000f30f6f46cc4c8b4edc4c8b56e44c8b5eec488b4ef48b56fcf30f7f47cc4c894f
0 bb200000004c8b4d584d85c90f843f0a0000488d1dc7b106004801de498b1948891e498b59084801cb48895e08488975584c8b4d684d85c90f84ff090000498b
0 00000000000000000000000000000000000000000000000000000000000000000000000000000000000000000000000000000000000000000000000000000000
0 dc4c8957e44c895fec48894ff48957fcc366662e0f1f8400000000000f1f40004c8b46d44c8b4edc4c8b56e44c8b5eec488b4ef48b56fc4c8947d44c894fdc4c
64 5908488d3597b106004c01de4d8b194801cb4c891e48895e08488975684c8b4d704d85c90f84c2090000498b5908488d356bb106004c01d64d8b114801cb4c89
64 00000000000000000000000000000000000000000000000000000000000000000000000000000000000000000000000000000000000000000000000000000000
64 8957e44c895fec48894ff48957fcc3904c8b4edc4c8b56e44c8b5eec488b4ef48b56fc4c894fdc4c8957e44c895fec48894ff48957fcc3660f1f840000000000
128 1648895e08488975704c8b4d784d85c90f8488090000488d3543b106004c01c64d8b014c89064d8b41084901c84c894608488975784c8b85f80000004d85c00f
128 00000000000000000000000000000000000000000000000000000000000000000000000000000000000000000000000000000000000000000000000000000000
192 84ab090000488d3514b106004801f7498b30488937498b70084801ce488977084889bdf8000000488bbdd00100004885ff0f8471090000488d35e2b006004801
192 00000000000000000000000000000000000000000000000000000000000000000000000000000000000000000000000000000000000000000000000000000000
192 488b4ef48b56fc48894ff48957fcc3908b56fc8957fcc3660f1f840000000000f30f6f46b3f30f6f4ec34c8b46d34c8b4edb4c8b56e34c8b5eeb488b4ef3488b
256 f2488b37488932488b77084801ce48897208488995d0010000488b95a00200004885d2741f488d35b4b0060048034a084801f0488b3248894808488930488985
256 00000000000000000000000000000000000000000000000000000000000000000000000000000000000000000000000000000000000000000000000000000000
256 56f8f30f7f47b3f30f7f4fc34c8947d34c894fdb4c8957e34c895feb48894ff3488957f8c366662e0f1f840000000000f30f6f46bbf30f6f4ecb4c8b4edb4c8b
320 a0020000488b85e00000004885c0740b48837808070f85a009000048837d78007412488b858800000048837808180f8568090000488b85300100004885c0742e
320 00000000000000000000000000000000000000000000000000000000000000000000000000000000000000000000000000000000000000000000000000000000
384 488b50088995e8030000f6c2027407488985c0000000f6c2047407488985f000000083e208740748898500010000488b85780100004885c07435488b700889b5
384 00000000000000000000000000000000000000000000000000000000000000000000000000000000000000000000000000000000000000000000000000000000
448 e403000089f040f6c6080f85d8070000f605e9ed0600400f859e080000a801740e488b8578010000488985000100004883bd2801000000740b48c785b8000000
448 00000000000000000000000000000000000000000000000000000000000000000000000000000000000000000000000000000000000000000000000000000000
448 488db570fbffff48898550fbffffe8bd4c050085c00f8928f6ffffe988edfffff30f1efa8b9518fbffff418b0685d20f84db09000083f82f0f87a00f000089c2
512 000000004889efe854870200488b8598030000488d5528808d1c03000004c785dc03000001000000c7400801000000488910488b85b00000004885c07442488b
512 00000000000000000000000000000000000000000000000000000000000000000000000000000000000000000000000000000000000000000000000000000000
512 83c008490356104189064c8b1a4d85db0f883a0b00004c899d00fbffffc78518fbffff00000000c785f0faffff0a000000e962f9ffff662e0f1f840000000000
576 c05d415cc3662e0f1f84000000000090f30f1efa48ba020000000001000048b8020000000009000048230511e304004839d0488d15d7110000488d05d00e0000
576 55684c8b60084c0362084c89e7e82eb7faff4c8d68014c89efe8f20cfdff4889c74885c00f84550800004c89ea4c89e6e8ebb5faff488b553848894508488902
576 00000000000000000000000000000000000000000000000000000000000000000000000000000000000000000000000000000000000000000000000000000000
576 8b9518fbffff85d20f8482040000498b442428493b4424300f831c150000488d50014989542428c6002d4181f9ffffff7f0f84f1ecffff4183c1014183ea0148
640 480f44c2c3662e0f1f84000000000090f30f1efa41554989f541544989fc554889d54885ff745941803c240074424c89e74c89eee8b7b6f8ff4901c441803c24
640 31f64889efe89687020048892d6fed060048c7058cc6060001000000488d5c24104c8d6424304889ee4531c9660fefc04c8d35804c040048b8f675ae03010000
640 00000000000000000000000000000000000000000000000000000000000000000000000000000000000000000000000000000000000000000000000000000000
704 00742d4c89ee4c89e7e892b6f8ff4c01e08038007407c600004883c001488945004c89e05d415c415dc3660f1f4400004c8965004531e45d4c89e0415c415dc3
704 0048c7442420000000000f294424104c8d6c2408488d8d980300004d89e0c6442414204c89ea488d3d544c04004c89742430488944243848c744244000000000
704 00000000000000000000000000000000000000000000000000000000000000000000000000000000000000000000000000000000000000000000000000000000
704 c366662e0f1f8400000000000f1f40008b56fb8b4efc8957fb894ffcc30f1f00f30f6f46b2f30f6f4ec24c8b46d24c8b4eda4c8b56e24c8b5eea488b4ef2488b
768 4c8b22eba2662e0f1f84000000000090f30f1efa48ba020000000001000048b8020000000009000048230551e204004839d0488d15470b0000488d0510080000
768 48895c24086a006a00e8227b0200488b542418595e4885d20f84f206000066837a06f10f84770400004885c00f846e040000488b00488b35c4ec060048034208
768 00000000000000000000000000000000000000000000000000000000000000000000000000000000000000000000000000000000000000000000000000000000
768 56f8f30f7f47b2f30f7f4fc24c8947d24c894fda4c8957e24c895fea48894ff2488957f8c366662e0f1f840000000000f30f6f46baf30f6f4eca4c8b4eda4c8b
832 480f44c2c3662e0f1f840000000000904157415641554989fd41544989f455534889d34881ec2808000064488b042528000000488984241808000031c04883f9
832 48890551af06004885f60f84ab050000660fefc04c897424304c89ea4531c90f29442410488d8e9803000048b8f675ae03010000004d89e048c7442420000000
832 00000000000000000000000000000000000000000000000000000000000000000000000000000000000000000000000000000000000000000000000000000000
832 56e24c8b5eea488b4ef2488b56f8f30f7f47baf30f7f4fca4c894fda4c8957e24c895fea48894ff2488957f8c30f1f00f30f6f46c24c8b46d24c8b4eda4c8b56
896 010f863503000031f641b801000000ba0100000049c7c6ffffffffb801000000eb1d660f1f4400004989c04889c6ba010000004d29f0488d04164839c1763048
896 00488d3dce4b0400c644241420488944243848c74424400000000048895c24086a006a00e8877a0200488b542418415b5d4885d20f842606000066837a06f10f
896 00000000000000000000000000000000000000000000000000000000000000000000000000000000000000000000000000000000000000000000000000000000
960 849b0500004885c00f8492050000488b00488b3528ec060048034208488905adae06004885f60f841a050000660fefc04c897424304531c94c89ea0f29442410
960 00000000000000000000000000000000000000000000000000000000000000000000000000000000000000000000000000000000000000000000000000000000
1024 488d8e9803000048b8f675ae03010000004d89e048c744242000000000488d3d464b0400c644241420488944243848c74424400000000048895c24086a006a00
1024 00000000000000000000000000000000000000000000000000000000000000000000000000000000000000000000000000000000000000000000000000000000
1088 488b56f84c894fda4c8957e24c895fea48894ff2488957f8c30f1f80000000004c8b56e24c8b5eea488b4ef2488b56f84c8957e24c895fea48894ff2488957f8
1088 e8eb790200488b5424184159415a4885d20f849905000066837a06f10f84ee0400004885c00f84e5040000488b00488b358beb06004803420848890508ae0600
1088 00000000000000000000000000000000000000000000000000000000000000000000000000000000000000000000000000000000000000000000000000000000
1088 89d3e9a5f8ffff660f1f8400000000004883bd00fbffff000f846a0600000fb685e4faffff83e00183bdf0faffff08751a84c07416488b8d08fbffff498d53ff
1152 c366662e0f1f8400000000000f1f40004c8b5eea488b4ef2488b56f84c895fea48894ff2488957f8c30f1f8000000000488b4ef2488b56f848894ff2488957f8
1152 4885f60f8488040000660fefc04c897424304d89e04c89ea0f29442410488d3dd24a04004531c948b8f675ae030100000048c744242000000000488d8e980300
1152 00000000000000000000000000000000000000000000000000000000000000000000000000000000000000000000000000000000000000000000000000000000
1152 41c643ff304989d34829d1ba000000004829cb480f48da8b9510fbffff4189d885d20f8598fdffff4489d2898d10fbffff29ca29da89d3e91ff8ffff0f1f4000
1216 c366662e0f1f8400000000000f1f40008b56fa8b4efc8957fa894ffcc30f1f00f30f6f46b1f30f6f4ec14c8b46d14c8b4ed94c8b56e14c8b5ee9488b4ef1488b
1216 00c644241420488944243848c74424400000000048895c24086a006a00e84e790200488b5424185f41584885d20f840d05000066837a06f10f844a0400004885
1216 00000000000000000000000000000000000000000000000000000000000000000000000000000000000000000000000000000000000000000000000000000000
1216 8bb5c4faffff85f60f841205000083f82f0f87e908000089c283c00849035610418906c78528fbffff000000000fb602c785e8faffff0000000048898500fbff
1280 c00f8441040000488b00488b35efea06004803420848890564ad06004885f60f84f7030000660fefc04c897424304c89ea4531c90f29442410488d8e98030000
1280 56f8f30f7f47b1f30f7f4fc14c8947d14c894fd94c8957e14c895fe948894ff1488957f8c366662e0f1f840000000000f30f6f46b9f30f6f4ec94c8b4ed94c8b
1280 00000000000000000000000000000000000000000000000000000000000000000000000000000000000000000000000000000000000000000000000000000000
1344 48b8f675ae03010000004d89e048c744242000000000488d3d274a0400c644241420488944243848c74424400000000048895c24086a006a00e8b2780200488b
1344 56e14c8b5ee9488b4ef1488b56f8f30f7f47b9f30f7f4fc94c894fd94c8957e14c895fe948894ff1488957f8c30f1f00f30f6f46c14c8b46d14c8b4ed94c8b56
1344 00000000000000000000000000000000000000000000000000000000000000000000000000000000000000000000000000000000000000000000000000000000
1408 542418595e4885d20f848e03000066837a06f10f84d70300004885c00f84ce030000488b0048034208488d3de8490400488905c1ac0600e874a5fbff4889c7e8
1408 00000000000000000000000000000000000000000000000000000000000000000000000000000000000000000000000000000000000000000000000000000000
1472 6c5c0200488b0595ea0600488d3dd64904004889055fea0600e852a5fbffba010000004885c0740831d28038000f94c2488d3dbd4904008915fbe90600e82ea5
1472 00000000000000000000000000000000000000000000000000000000000000000000000000000000000000000000000000000000000000000000000000000000
1536 fbff31d24885c0740831d28038000f95c2488d3da84904008915bae90600e80da5fbffba010000004885c0740831d28038000f94c2488d3d944904008915eae9
1536 00000000000000000000000000000000000000000000000000000000000000000000000000000000000000000000000000000000000000000000000000000000
1536 ff4c89df44898d18fbffffe8300f0100448b8d18fbffffe9f4ebffff0f1f4000bb01000000e987f5ffff660f1f44000080bdf8faffff200f8512f7ffff85db0f
1600 0600e8e9a4fbff8b1553ac06004889055ce906004885c074058038007518488d05d746040085d2488d4809480f45c14889053ae9060085d27431488d2ddf4604
1600 00000000000000000000000000000000000000000000000000000000000000000000000000000000000000000000000000000000000000000000000000000000
1600 8eda1700004863d3be200000004c89e744898dc4faffff48899508fbffff448985e0faffff4c899dd0faffff48898df8faffffe8982e0000488b9508fbffff48
1664 00488d9d2c0100000f1f8400000000004889efe8780c01004889ef31f6e8aeb1faff488d68014839dd72e5488b0536e906004885c07410803800750b48c70521
1664 00000000000000000000000000000000000000000000000000000000000000000000000000000000000000000000000000000000000000000000000000000000
1664 39c20f85e0e8ffff448b8dc4faffff488b8df8faffff4c8b9dd0faffff448b85e0faffff4181f9feffff7f0f8707fdffffb8ffffff7f4429c839d80f82a7f3ff
1728 e9060000000000488d3d14490400e85da4fbff4889c54885c00f84080100004531ed31db4c8d6424304c89e64889efe8bcb50200483dfe0000000f87e7000000
1728 00000000000000000000000000000000000000000000000000000000000000000000000000000000000000000000000000000000000000000000000000000000
1792 488b5424304839ea0f84d90000004883fb020f84c00000000fb6324080fe2e74094084f60f85bd00000089d9f7d98d0ccd1000000048d3e04909c54084f60f84
1792 00000000000000000000000000000000000000000000000000000000000000000000000000000000000000000000000000000000000000000000000000000000
1856 970000004883c301488d6a01eb9b669048837d0000488b501075044889550048035028483b9558030000720748899558030000f64004010f8445f7ffff483b95
1856 00000000000000000000000000000000000000000000000000000000000000000000000000000000000000000000000000000000000000000000000000000000
1920 600300000f8238f7ffff48899560030000e92cf7ffff662e0f1f84000000000031c0e98efbffff660f1f8400000000008d34004189f641d1fe83fef80f86fe00
1920 00000000000000000000000000000000000000000000000000000000000000000000000000000000000000000000000000000000000000000000000000000000
1984 00004489d04429f0488914c7e9b1f7ffff0f1f80000000004909c54d85ed740744892d81e80600488b3dfae706004885ff740ce888b1faff488905b9e7060048
1984 00000000000000000000000000000000000000000000000000000000000000000000000000000000000000000000000000000000000000000000000000000000
0 8b050ae806004c8b1583c606004885c00f8497000000488b0d2be80600488d14cd000000004829ca488d0cd04839c8737c4c8b1d50c606004c89d74531c031f6
0 0100020000000000506f70756c6174696e672074686520666972737420616e64207365636f6e64206d61747269782e2e2e00446f6e6521004d756c7469706c79
0 00000000000000000000000000000000000000000000000000000000000000000000000000000000000000000000000000000000000000000000000000000000
64 448b0dc1c00600eb260f1f800000000081fa52e57464750e4c8b5810488b782841b8010000004883c0384839c8731c8b1081fa51e5746475d7448b48044883c0
64 00000000000000000000000000000000000000000000000000000000000000000000000000000000000000000000000000000000000000000000000000000000
64 696e6720746865206d617472697865732e2e2e000000000043616c63756c6174696e67207468652073756d206f6620616c6c20656c656d656e747320696e2074
128 38be010000004839c872e44084f6740744890d71c006004584c074114c891de5c506004989fa48893de3c506004d85d275764883c4505b5d415c415d415ec390
128 00000000000000000000000000000000000000000000000000000000000000000000000000000000000000000000000000000000000000000000000000000000
128 6865206d61747269782e2e2e00446f6e65005468652073756d20697320256c640a0078656f6e5f7068690068617377656c6c002e2e2f6373752f6c6962632d73
192 4c89de4829c64883fe0b0f87b00000004889de4829c6488914f7e9a3f6ffff90488b2d19e706004885ed0f85acf9ffff48c7059da906000000000048c7058aa9
192 00000000000000000000000000000000000000000000000000000000000000000000000000000000000000000000000000000000000000000000000000000000
256 06000000000048c70577a906000000000048c70564a906000000000031c0e986fcffff0f1f440000488d3df1c00600e8ac8602004883c4505b5d415c415d415e
256 00000000000000000000000000000000000000000000000000000000000000000000000000000000000000000000000000000000000000000000000000000000
320 c30f1f800000000031c0e9bbfbffff9031c0e917fbffff660f1f84000000000031c0e96afaffff660f1f84000000000031c0e92efcffff660f1f840000000000
320 00000000000000000000000000000000000000000000000000000000000000000000000000000000000000000000000000000000000000000000000000000000
384 4c89e64829c64883fe0a0f87f2f5ffff4c89ee4829c64889f0488914c7e9f7f5ffff660f1f440000c6852003000001e91cf8ffffb860000000ba5000000031f6
384 00000000000000000000000000000000000000000000000000000000000000000000000000000000000000000000000000000000000000000000000000000000
448 bf4000000041b83000000041ba2000000041bb10000000e929f6ffff0f1f4000488b3519e6060031c0e9eef9ffff6690488b3509e6060031c0e97bfaffff6690
448 00000000000000000000000000000000000000000000000000000000000000000000000000000000000000000000000000000000000000000000000000000000
512 488b35f9e5060031c0e907fbffff6690488b35e9e5060031c0e922f9ffff4889d04889fa4c89c7e989f6ffff4889d04889fa4c89c74d89d0e94cf6ffff4889d0
512 00000000000000000000000000000000000000000000000000000000000000000000000000000000000000000000000000000000000000000000000000000000
576 4889fa4c89c74d89d04d89dae90cf6ffff4889d04889fa4c89c74d89d04d89da4989f3e9c9f5ffff4889d0e9a9f6ffff4889d04889fae96cf6ffff81e616f7ff
576 00000000000000000000000000000000000000000000000000000000000000000000000000000000000000000000000000000000000000000000000000000000
640 f70f8456f7ffff31c0488d3dc8450400e85baf02008b85e4030000e93df7ffff488d0df1450400ba3d000000488d3540440400488d3d46440400e8a1d4faffbf
640 00000000000000000000000000000000000000000000000000000000000000000000000000000000000000000000000000000000000000000000000000000000
704 02000000488d355d44040031c0e87eb00200bf7f000000e824a6ffff488d0dcd450400ba83000000488d3526440400488d3d2a450400e865d4faff488d0dae45
704 00000000000000000000000000000000000000000000000000000000000000000000000000000000000000000000000000000000000000000000000000000000
768 0400ba7b000000488d3507440400488d3de3440400e846d4faff660f1f440000f30f1efa488d05f5be0600c30f1f4000f30f1efa8b0556e5060085c07402c390
768 00000000000000000000000000000000000000000000000000000000000000000000000000000000000000000000000000000000000000000000000000000000
832 53e89a1f020089c3e8831f02004189c0b8010000004439c3740e890540a706005bc3660f1f440000e8931f020089c3e87c1f020039c30f95c00fb6c0ebdc6690
832 00000000000000000000000000000000000000000000000000000000000000000000000000000000000000000000000000000000000000000000000000000000
896 00000000000000000000000000000000000000000000000000000000000000000000000000000000000000000000000000000000000000000000000000000000
960 00000000000000000000000000000000000000000000000000000000000000000000000000000000000000000000000000000000000000000000000000000000
1024 00000000000000000000000000000000000000000000000000000000000000000000000000000000000000000000000000000000000000000000000000000000
1088 00000000000000000000000000000000000000000000000000000000000000000000000000000000000000000000000000000000000000000000000000000000
1152 00000000000000000000000000000000000000000000000000000000000000000000000000000000000000000000000000000000000000000000000000000000
1216 00000000000000000000000000000000000000000000000000000000000000000000000000000000000000000000000000000000000000000000000000000000
1280 00000000000000000000000000000000000000000000000000000000000000000000000000000000000000000000000000000000000000000000000000000000
1344 00000000000000000000000000000000000000000000000000000000000000000000000000000000000000000000000000000000000000000000000000000000
1408 00000000000000000000000000000000000000000000000000000000000000000000000000000000000000000000000000000000000000000000000000000000
1472 00000000000000000000000000000000000000000000000000000000000000000000000000000000000000000000000000000000000000000000000000000000
1536 00000000000000000000000000000000000000000000000000000000000000000000000000000000000000000000000000000000000000000000000000000000
1600 00000000000000000000000000000000000000000000000000000000000000000000000000000000000000000000000000000000000000000000000000000000
1664 00000000000000000000000000000000000000000000000000000000000000000000000000000000000000000000000000000000000000000000000000000000
1728 00000000000000000000000000000000000000000000000000000000000000000000000000000000000000000000000000000000000000000000000000000000
1792 00000000000000000000000000000000000000000000000000000000000000000000000000000000000000000000000000000000000000000000000000000000
1856 00000000000000000000000000000000000000000000000000000000000000000000000000000000000000000000000000000000000000000000000000000000
1920 00000000000000000000000000000000000000000000000000000000000000000000000000000000000000000000000000000000000000000000000000000000
1984 00000000000000000000000000000000000000000000000000000000000000000000000000000000000000000000000000000000000000000000000000000000
0 00000000000000000000000000000000000000000000000000000000000000000000000000000000000000000000000000000000000000000000000000000000
64 00000000000000000000000000000000000000000000000000000000000000000000000000000000000000000000000000000000000000000000000000000000
128 00000000000000000000000000000000000000000000000000000000000000000000000000000000000000000000000000000000000000000000000000000000
192 00000000000000000000000000000000000000000000000000000000000000000000000000000000000000000000000000000000000000000000000000000000
256 00000000000000000000000000000000000000000000000000000000000000000000000000000000000000000000000000000000000000000000000000000000
320 bcc04883c0604801f8c5f877c30f1f00f30f1efa660f6ece4889f825ff0f0000660f60c9483dc00f0000660f61c9660f70c9000f8707020000f30f6f07660fef
320 00000000000000000000000000000000000000000000000000000000000000000000000000000000000000000000000000000000000000000000000000000000
384 d2660f6fd8660f74c1660f74da660fd7c8660fd7d34885d27426488d42ff4831d04821c80f84c6010000480fbdc04801f8c366662e0f1f8400000000000f1f00
384 00000000000000000000000000000000000000000000000000000000000000000000000000000000000000000000000000000000000000000000000000000000
448 f30f6f6710660f6fecf30f6f5f20660f74e1660f74eaf30f6f4730660fd7d5660f6feb660f74d9660f74ea660f74d048c1e21066440fd7c3660fd7c5660fd7f2
448 00000000000000000000000000000000000000000000000000000000000000000000000000000000000000000000000000000000000000000000000000000000
512 49c1e02048c1e020660f74c14809d04889f2660fd7f448c1e23048c1e6104c09c64809ce660fd7c848c1e1304809ce4809d0741c488d48ff4831c14821ce0f84
512 00000000000000000000000000000000000000000000000000000000000000000000000000000000000000000000000000000000000000000000000000000000
576 2c010000480fbdf6488d0437c30f1f004885f64889f90f84040100004883c740660fefff4883e7c0eb15660f1f4400004885d2480f45f2480f45cf4883c74066
576 00000000000000000000000000000000000000000000000000000000000000000000000000000000000000000000000000000000000000000000000000000000
640 0f6f5f20660feff6660f6f5730660f6fc3660f6f6710660fdac2660f6f2f660fdac4660fdac5660f74c7660fd7c0660f6fc5660f74c166440fd7c8660f6fc466
640 00000000000000000000000000000000000000000000000000000000000000000000000000000000000000000000000000000000000000000000000000000000
640 001a00140f1313130a0f1c000b181711160c00151b10000012000d00000000007072696e74665f706f736974696f6e616c000000000000000000000000000000
704 00000000000000000000000000000000000000000000000000000000000000000000000000000000000000000000000000000000000000000000000000000000
768 00000000000000000000000000000000000000000000000000000000000000000000000000000000000000000000000000000000000000000000000000000000
832 00000000000000000000000000000000000000000000000000000000000000000000000000000000000000000000000000000000000000000000000000000000
896 00000000000000000000000000000000000000000000000000000000000000000000000000000000000000000000000000000000000000000000000000000000
960 00000000000000000000000000000000000000000000000000000000000000000000000000000000000000000000000000000000000000000000000000000000
1024 00000000000000000000000000000000000000000000000000000000000000000000000000000000000000000000000000000000000000000000000000000000
1088 00000000000000000000000000000000000000000000000000000000000000000000000000000000000000000000000000000000000000000000000000000000
1152 00000000000000000000000000000000000000000000000000000000000000000000000000000000000000000000000000000000000000000000000000000000
1216 00000000000000000000000000000000000000000000000000000000000000000000000000000000000000000000000000000000000000000000000000000000
1280 00000000000000000000000000000000000000000000000000000000000000000000000000000000000000000000000000000000000000000000000000000000
1344 00000000000000000000000000000000000000000000000000000000000000000000000000000000000000000000000000000000000000000000000000000000
1408 00000000000000000000000000000000000000000000000000000000000000000000000000000000000000000000000000000000000000000000000000000000
1472 00000000000000000000000000000000000000000000000000000000000000000000000000000000000000000000000000000000000000000000000000000000
1536 77c366662e0f1f8400000000000f1f0031c0c5f877c3662e0f1f840000000000f30f1efa48ba020000000001000048b8020000000009000048230541cf040048
1536 00000000000000000000000000000000000000000000000000000000000000000000000000000000000000000000000000000000000000000000000000000000
1600 39d0488d15570b0000488d05b0080000480f44c2c3662e0f1f84000000000090f30f1efa48ba020000000001000048b8020000000009000048230501cf040048
1600 00000000000000000000000000000000000000000000000000000000000000000000000000000000000000000000000000000000000000000000000000000000
1664 39d0488d15a7050000488d0570020000480f44c2c3662e0f1f84000000000090f30f1efa48c1e202e9b3a1f8ff0f1f00f30f1efa48c1e202e983a1f8ff0f1f00
1664 00000000000000000000000000000000000000000000000000000000000000000000000000000000000000000000000000000000000000000000000000000000
1728 f30f1efa488b15b5ce04004c8d05ae78fdff48b8020000000009000048b902000000000100004821d04839c8752348b804000000004000004c8d05817bfdff48
1728 00000000000000000000000000000000000000000000000000000000000000000000000000000000000000000000000000000000000000000000000000000000
1792 21c2488d05f779fdff4883fa044c0f45c04c89c0c3662e0f1f84000000000090f30f1efa41558d9780000000415455534883ec6864488b042528000000488944
1792 00000000000000000000000000000000000000000000000000000000000000000000000000000000000000000000000000000000000000000000000000000000
1856 245831c081fa7f0100000f879000000089fb83ffff0f848500000089f8f7c780ffffff745448c7c0a0ffffff64488b00488b284c8b65284d85e40f8430010000
1856 00000000000000000000000000000000000000000000000000000000000000000000000000000000000000000000000000000000000000000000000000000000
1920 00000000000000000000000000000000000000000000000000000000000000000000000000000000000000000000000000000000000000000000000000000000
1984 00000000000000000000000000000000000000000000000000000000000000000000000000000000000000000000000000000000000000000000000000000000
0 00000000000000000000000000000000000000000000000000000000000000000000000000000000000000000000000000000000000000000000000000000000
64 00000000000000000000000000000000000000000000000000000000000000000000000000000000000000000000000000000000000000000000000000000000
128 00000000000000000000000000000000000000000000000000000000000000000000000000000000000000000000000000000000000000000000000000000000
192 488d35e4390400e8b4a7fdff85c075b28b051ed706005b83e0c783c818890511d70600c366662e0f1f84000000000090f30f1efa415455534881ecd001000048
192 00000000000000000000000000000000000000000000000000000000000000000000000000000000000000000000000000000000000000000000000000000000
256 8d7c2440e897110200488dbc24c200000085c00f85870000004531c031c00fbe0f8d51d080fa0977580fbe5701488d770183e9308d7ad04080ff09771a0f1f00
256 00000000000000000000000000000000000000000000000000000000000000000000000000000000000000000000000000000000000000000000000000000000
320 8d0c894883c6018d4c4ad00fbe168d7ad04080ff0976e9c1e0084183c001488d7e0109c880fa2e75124183f80375af4881c4d00100005b5d415cc34183f80374
320 00000000000000000000000000000000000000000000000000000000000000000000000000000000000000000000000000000000000000000000000000000000
384 eeb9030000004881c4d00100004429c15b5dc1e103415cd3e0c3660f1f44000031f6488d3d0d39040031c0e880a9ffff4189c485c0783b4889e389c7ba400000
384 00000000000000000000000000000000000000000000000000000000000000000000000000000000000000000000000000000000000000000000000000000000
448 004889dee8b7aaffff4489e74889c5e8eca7ffff4885ed7e194883fd3fb83f0000004889df480f4de8c6042c00e927ffffffb8ffffffffe973ffffff0f1f4000
448 00000000000000000000000000000000000000000000000000000000000000000000000000000000000000000000000000000000000000000000000000000000
512 f30f1efa48c7c00000000041554989d541544989f45589fd4885c074438b0085c0753dc7059bb4060001000000892d65d606004c892566d606004c892d97ca06
512 00000000000000000000000000000000000000000000000000000000000000000000000000000000000000000000000000000000000000000000000000000000
576 00e8aae3ffff4c89ea4c89e689efe80dd4ffff5d415c415de9c3df00000f1f000fb73d01b80600663b3d9eae0600c70550b406000000000074b3e801e00000eb
576 00000000000000000000000000000000000000000000000000000000000000000000000000000000000000000000000000000000000000000000000000000000
640 ac662e0f1f8400000000000f1f440000f30f1efa554889e541574189d74156415541544531e4534883ec584c8b6f080fb65f10488975804c8b3764488b042528
640 00000000000000000000000000000000000000000000000000000000000000000000000000000000000000000000000000000000000000000000000000000000
704 000000488945c831c0807f1100410f95c44501e441807d002f0f85a100000041807d012f0f859600000041807d02000f858b00000048c7c0a0ffffff64488b00
704 00000000000000000000000000000000000000000000000000000000000000000000000000000000000000000000000000000000000000000000000000000000
768 00000000000000000000000000000000000000000000000000000000000000000000000000000000000000000000000000000000000000000000000000000000
832 00000000000000000000000000000000000000000000000000000000000000000000000000000000000000000000000000000000000000000000000000000000
896 00000000000000000000000000000000000000000000000000000000000000000000000000000000000000000000000000000000000000000000000000000000
960 00000000000000000000000000000000000000000000000000000000000000000000000000000000000000000000000000000000000000000000000000000000
1024 00000000000000000000000000000000000000000000000000000000000000000000000000000000000000000000000000000000000000000000000000000000
1088 00000000000000000000000000000000000000000000000000000000000000000000000000000000000000000000000000000000000000000000000000000000
1152 00000000000000000000000000000000000000000000000000000000000000000000000000000000000000000000000000000000000000000000000000000000
1216 00000000000000000000000000000000000000000000000000000000000000000000000000000000000000000000000000000000000000000000000000000000
1280 00000000000000000000000000000000000000000000000000000000000000000000000000000000000000000000000000000000000000000000000000000000
1344 00000000000000000000000000000000000000000000000000000000000000000000000000000000000000000000000000000000000000000000000000000000
1408 00000000000000000000000000000000000000000000000000000000000000000000000000000000000000000000000000000000000000000000000000000000
1472 00000000000000000000000000000000000000000000000000000000000000000000000000000000000000000000000000000000000000000000000000000000
1536 00000000000000000000000000000000000000000000000000000000000000000000000000000000000000000000000000000000000000000000000000000000
1536 488d0db9f40700ba98060000488d35f1f20700488d3d6ef30700e841c1feff31dbe929dfffff85db0f8f17e8ffff31dbe9dfdeffff488d0d84f40700ba980600
1600 00000000000000000000000000000000000000000000000000000000000000000000000000000000000000000000000000000000000000000000000000000000
1600 00488d35bcf20700488d3dc9f20700e80cc1feff4889d7e8f4f000004989c34885c00f8400d1ffff488b9518fbffff448b9500fbffffc78508fbffff01000000
1664 00000000000000000000000000000000000000000000000000000000000000000000000000000000000000000000000000000000000000000000000000000000
1728 00000000000000000000000000000000000000000000000000000000000000000000000000000000000000000000000000000000000000000000000000000000
1792 00000000000000000000000000000000000000000000000000000000000000000000000000000000000000000000000000000000000000000000000000000000
1856 00000000000000000000000000000000000000000000000000000000000000000000000000000000000000000000000000000000000000000000000000000000
1920 00000000000000000000000000000000000000000000000000000000000000000000000000000000000000000000000000000000000000000000000000000000
1984 00000000000000000000000000000000000000000000000000000000000000000000000000000000000000000000000000000000000000000000000000000000
0 00000000000000000000000000000000000000000000000000000000000000000000000000000000000000000000000000000000000000000000000000000000
64 00000000000000000000000000000000000000000000000000000000000000000000000000000000000000000000000000000000000000000000000000000000
128 00000000000000000000000000000000000000000000000000000000000000000000000000000000000000000000000000000000000000000000000000000000
192 00000000000000000000000000000000000000000000000000000000000000000000000000000000000000000000000000000000000000000000000000000000
256 00000000000000000000000000000000000000000000000000000000000000000000000000000000000000000000000000000000000000000000000000000000
320 00000000000000000000000000000000000000000000000000000000000000000000000000000000000000000000000000000000000000000000000000000000
384 00000000000000000000000000000000000000000000000000000000000000000000000000000000000000000000000000000000000000000000000000000000
448 00000000000000000000000000000000000000000000000000000000000000000000000000000000000000000000000000000000000000000000000000000000
512 00000000000000000000000000000000000000000000000000000000000000000000000000000000000000000000000000000000000000000000000000000000
576 00000000000000000000000000000000000000000000000000000000000000000000000000000000000000000000000000000000000000000000000000000000
640 00000000000000000000000000000000000000000000000000000000000000000000000000000000000000000000000000000000000000000000000000000000
704 00000000000000000000000000000000000000000000000000000000000000000000000000000000000000000000000000000000000000000000000000000000
768 00000000000000000000000000000000000000000000000000000000000000000000000000000000000000000000000000000000000000000000000000000000
832 00000000000000000000000000000000000000000000000000000000000000000000000000000000000000000000000000000000000000000000000000000000
896 00000000000000000000000000000000000000000000000000000000000000000000000000000000000000000000000000000000000000000000000000000000
960 00000000000000000000000000000000000000000000000000000000000000000000000000000000000000000000000000000000000000000000000000000000
1024 00000000000000000000000000000000000000000000000000000000000000000000000000000000000000000000000000000000000000000000000000000000
1088 00000000000000000000000000000000000000000000000000000000000000000000000000000000000000000000000000000000000000000000000000000000
1152 00000000000000000000000000000000000000000000000000000000000000000000000000000000000000000000000000000000000000000000000000000000
1216 00000000000000000000000000000000000000000000000000000000000000000000000000000000000000000000000000000000000000000000000000000000
1280 00000000000000000000000000000000000000000000000000000000000000000000000000000000000000000000000000000000000000000000000000000000
1344 00000000000000000000000000000000000000000000000000000000000000000000000000000000000000000000000000000000000000000000000000000000
1408 00000000000000000000000000000000000000000000000000000000000000000000000000000000000000000000000000000000000000000000000000000000
1472 00000000000000000000000000000000000000000000000000000000000000000000000000000000000000000000000000000000000000000000000000000000
1536 00000000000000000000000000000000000000000000000000000000000000000000000000000000000000000000000000000000000000000000000000000000
1600 00000000000000000000000000000000000000000000000000000000000000000000000000000000000000000000000000000000000000000000000000000000
1664 00000000000000000000000000000000000000000000000000000000000000000000000000000000000000000000000000000000000000000000000000000000
1728 00000000000000000000000000000000000000000000000000000000000000000000000000000000000000000000000000000000000000000000000000000000
1792 00000000000000000000000000000000000000000000000000000000000000000000000000000000000000000000000000000000000000000000000000000000
1856 00000000000000000000000000000000000000000000000000000000000000000000000000000000000000000000000000000000000000000000000000000000
1920 00000000000000000000000000000000000000000000000000000000000000000000000000000000000000000000000000000000000000000000000000000000
1984 00000000000000000000000000000000000000000000000000000000000000000000000000000000000000000000000000000000000000000000000000000000
0 00000000000000000000000000000000000000000000000000000000000000000000000000000000000000000000000000000000000000000000000000000000
64 00000000000000000000000000000000000000000000000000000000000000000000000000000000000000000000000000000000000000000000000000000000
128 00000000000000000000000000000000000000000000000000000000000000000000000000000000000000000000000000000000000000000000000000000000
192 00000000000000000000000000000000000000000000000000000000000000000000000000000000000000000000000000000000000000000000000000000000
256 00000000000000000000000000000000000000000000000000000000000000000000000000000000000000000000000000000000000000000000000000000000
320 00000000000000000000000000000000000000000000000000000000000000000000000000000000000000000000000000000000000000000000000000000000
384 00000000000000000000000000000000000000000000000000000000000000000000000000000000000000000000000000000000000000000000000000000000
448 00000000000000000000000000000000000000000000000000000000000000000000000000000000000000000000000000000000000000000000000000000000
512 00000000000000000000000000000000000000000000000000000000000000000000000000000000000000000000000000000000000000000000000000000000
576 00000000000000000000000000000000000000000000000000000000000000000000000000000000000000000000000000000000000000000000000000000000
640 ebd0660f1f44000048c7c0c0ffffff64c7001600000031c0ebb8e891c7fdff90f30f1efab83f0000000f05483d01f0ffff7301c348c7c1c0fffffff7d8648901
640 00000000000000000000000000000000000000000000000000000000000000000000000000000000000000000000000000000000000000000000000000000000
704 4883c8ffc3662e0f1f84000000000090f30f1efab8660000000f05c30f1f4000f30f1efab86b0000000f05c30f1f4000f30f1efab8680000000f05c30f1f4000
704 00000000000000000000000000000000000000000000000000000000000000000000000000000000000000000000000000000000000000000000000000000000
768 f30f1efab86c0000000f05c30f1f4000f30f1efa4189f84889f74889d64183f801772db8060000000f05483d00f0ffff7706c30f1f44000048c7c2c0fffffff7
768 00000000000000000000000000000000000000000000000000000000000000000000000000000000000000000000000000000000000000000000000000000000
832 00000000000000000000000000000000000000000000000000000000000000000000000000000000000000000000000000000000000000000000000000000000
896 00000000000000000000000000000000000000000000000000000000000000000000000000000000000000000000000000000000000000000000000000000000
960 00000000000000000000000000000000000000000000000000000000000000000000000000000000000000000000000000000000000000000000000000000000
1024 00000000000000000000000000000000000000000000000000000000000000000000000000000000000000000000000000000000000000000000000000000000
1088 00000000000000000000000000000000000000000000000000000000000000000000000000000000000000000000000000000000000000000000000000000000
1152 00000000000000000000000000000000000000000000000000000000000000000000000000000000000000000000000000000000000000000000000000000000
1216 89c84883c438c3660f1f84000000000048c7c2c0fffffff7d841b9ffffffff648902ebcbe847c5fdff0f1f8000000000f30f1efab80c0000000f05483d00f0ff
1216 00000000000000000000000000000000000000000000000000000000000000000000000000000000000000000000000000000000000000000000000000000000
1280 ff77154889052eba04004839c7772931c0c3660f1f44000048c7c2c0fffffff7d864890231c048c70507ba0400ffffffffc3660f1f44000048c7c0c0ffffff64
1280 00000000000000000000000000000000000000000000000000000000000000000000000000000000000000000000000000000000000000000000000000000000
1344 c7000c000000b8ffffffffc30f1f400041554154554889f5534889fb4889f74883ec08e8188cf8ff803b7b4989c474384889c24889ee4889dfe8528bf8ff85c0
1344 20adf9ffa0adf9ff30aef9ffc0aef9ff50aff9ffe0aff9ff80b0f9ff20b1f9ff08ccf9ffd0cdf9ffb0cff9ff90d1f9ff70d3f9ff70d5f9ff70d7f9ff70d9f9ff
1344 00000000000000000000000000000000000000000000000000000000000000000000000000000000000000000000000000000000000000000000000000000000
1408 7511420fb6142389d083e0df83e8413c19774d4531e44883c4084c89e05b5d415c415dc30f1f4000488d7b014889c24889ee4989c5e8168bf8ff4531e485c075
1408 00000000000000000000000000000000000000000000000000000000000000000000000000000000000000000000000000000000000000000000000000000000
1408 00ccf9ffc0cdf9ffa0cff9ff80d1f9ff60d3f9ff50d5f9ff50d7f9ff50d9f9ffe0cbf9ffa0cdf9ff80cff9ff60d1f9ff40d3f9ff30d5f9ff30d7f9ff30d9f9ff
1472 c0cbf9ff80cdf9ff60cff9ff40d1f9ff20d3f9ff00d5f9ff00d7f9ff00d9f9ff90cbf9ff50cdf9ff30cff9ff10d1f9fff0d2f9ffd0d4f9ffd0d6f9ffd0d8f9ff
1472 00000000000000000000000000000000000000000000000000000000000000000000000000000000000000000000000000000000000000000000000000000000
1536 00000000000000000000000000000000000000000000000000000000000000000000000000000000000000000000000000000000000000000000000000000000
1536 60cbf9ff20cdf9ff00cff9ffe0d0f9ffc0d2f9ff90d4f9ff90d6f9ff90d8f9ff20cbf9ffe0ccf9ffc0cef9ffa0d0f9ff80d2f9ff50d4f9ff50d6f9ff50d8f9ff
1600 00000000000000000000000000000000000000000000000000000000000000000000000000000000000000000000000000000000000000000000000000000000
1664 00000000000000000000000000000000000000000000000000000000000000000000000000000000000000000000000000000000000000000000000000000000
1728 00000000000000000000000000000000000000000000000000000000000000000000000000000000000000000000000000000000000000000000000000000000
1792 00000000000000000000000000000000000000000000000000000000000000000000000000000000000000000000000000000000000000000000000000000000
1856 00000000000000000000000000000000000000000000000000000000000000000000000000000000000000000000000000000000000000000000000000000000
1920 00000000000000000000000000000000000000000000000000000000000000000000000000000000000000000000000000000000000000000000000000000000
1984 00000000000000000000000000000000000000000000000000000000000000000000000000000000000000000000000000000000000000000000000000000000
0 00000000000000000000000000000000000000000000000000000000000000000000000000000000000000000000000000000000000000000000000000000000
64 00000000000000000000000000000000000000000000000000000000000000000000000000000000000000000000000000000000000000000000000000000000
128 00000000000000000000000000000000000000000000000000000000000000000000000000000000000000000000000000000000000000000000000000000000
192 00000000000000000000000000000000000000000000000000000000000000000000000000000000000000000000000000000000000000000000000000000000
256 00000000000000000000000000000000000000000000000000000000000000000000000000000000000000000000000000000000000000000000000000000000
320 00000000000000000000000000000000000000000000000000000000000000000000000000000000000000000000000000000000000000000000000000000000
384 00000000000000000000000000000000000000000000000000000000000000000000000000000000000000000000000000000000000000000000000000000000
448 00000000000000000000000000000000000000000000000000000000000000000000000000000000000000000000000000000000000000000000000000000000
512 00000000000000000000000000000000000000000000000000000000000000000000000000000000000000000000000000000000000000000000000000000000
576 00000000000000000000000000000000000000000000000000000000000000000000000000000000000000000000000000000000000000000000000000000000
640 00000000000000000000000000000000000000000000000000000000000000000000000000000000000000000000000000000000000000000000000000000000
704 00000000000000000000000000000000000000000000000000000000000000000000000000000000000000000000000000000000000000000000000000000000
768 00000000000000000000000000000000000000000000000000000000000000000000000000000000000000000000000000000000000000000000000000000000
832 00000000000000000000000000000000000000000000000000000000000000000000000000000000000000000000000000000000000000000000000000000000
896 00000000000000000000000000000000000000000000000000000000000000000000000000000000000000000000000000000000000000000000000000000000
960 00000000000000000000000000000000000000000000000000000000000000000000000000000000000000000000000000000000000000000000000000000000
1024 00000000000000000000000000000000000000000000000000000000000000000000000000000000000000000000000000000000000000000000000000000000
1088 00000000000000000000000000000000000000000000000000000000000000000000000000000000000000000000000000000000000000000000000000000000
1152 00000000000000000000000000000000000000000000000000000000000000000000000000000000000000000000000000000000000000000000000000000000
1216 00000000000000000000000000000000000000000000000000000000000000000000000000000000000000000000000000000000000000000000000000000000
1280 00000000000000000000000000000000000000000000000000000000000000000000000000000000000000000000000000000000000000000000000000000000
1344 00000000000000000000000000000000000000000000000000000000000000000000000000000000000000000000000000000000000000000000000000000000
1408 00000000000000000000000000000000000000000000000000000000000000000000000000000000000000000000000000000000000000000000000000000000
1472 00000000000000000000000000000000000000000000000000000000000000000000000000000000000000000000000000000000000000000000000000000000
1536 00000000000000000000000000000000000000000000000000000000000000000000000000000000000000000000000000000000000000000000000000000000
1600 ecbb0300662e0f1f8400000000006690f30f1efa415541544989fc55534883ec08e81a83feff488b2d63880a004889c38b550081e20080000075654c8b858800
1600 00000000000000000000000000000000000000000000000000000000000000000000000000000000000000000000000000000000000000000000000000000000
1664 0000644c8b2c25100000004d3968080f8413010000648b04251800000085c00f853b010000ba01000000410fb1104c8b8588000000488b3d14880a004d896808
1664 00000000000000000000000000000000000000000000000000000000000000000000000000000000000000000000000000000000000000000000000000000000
1728 8b87c0000000418340040185c0741e83f8ff742341b8ffffffffe983000000904889ef8b87c000000085c075e2c787c0000000ffffffff4c8bafd800000048c7
1728 00000000000000000000000000000000000000000000000000000000000000000000000000000000000000000000000000000000000000000000000000000000
1792 c2602b4c0048c7c008324c004c89e94829d04829d14839c80f86920000004889da4c89e641ff55384839c375a7488b3d9c870a00488b4728483b47300f838600
1792 00000000000000000000000000000000000000000000000000000000000000000000000000000000000000000000000000000000000000000000000000000000
1856 00000000000000000000000000000000000000000000000000000000000000000000000000000000000000000000000000000000000000000000000000000000
1856 0000488d500148895728c6000a4883c30141b8ffffff7f4881fbffffff7f4c0f46c3f74500008000007529488bbd880000008b470483e801894704751748c747
1920 0800000000648b14251800000085d2756f832f014883c4084489c05b5d415c415dc3660f1f4400004889efe910ffffffe8cb250000488b3d14870a00e95dffff
1920 00000000000000000000000000000000000000000000000000000000000000000000000000000000000000000000000000000000000000000000000000000000
1984 ff0f1f8000000000be0a000000e80e5c000083f8ff0f8572ffffffe9f4feffffb90100000089d0f0410fb1080f84bcfeffff4c89c7e896850000e9affeffff90
1984 00000000000000000000000000000000000000000000000000000000000000000000000000000000000000000000000000000000000000000000000000000000
0 870783f8017e8d4531d2ba01000000be81000000b8ca0000000f05e974fffffff30f1efa4989c0e96984feff0f1f4000f30f1efa415741564155415455534883
0 00000000000000000000000000000000000000000000000000000000000000000000000000000000000000000000000000000000000000000000000000000000
64 00000000000000000000000000000000000000000000000000000000000000000000000000000000000000000000000000000000000000000000000000000000
128 00000000000000000000000000000000000000000000000000000000000000000000000000000000000000000000000000000000000000000000000000000000
192 00000000000000000000000000000000000000000000000000000000000000000000000000000000000000000000000000000000000000000000000000000000
256 00000000000000000000000000000000000000000000000000000000000000000000000000000000000000000000000000000000000000000000000000000000
320 00000000000000000000000000000000000000000000000000000000000000000000000000000000000000000000000000000000000000000000000000000000
384 00000000000000000000000000000000000000000000000000000000000000000000000000000000000000000000000000000000000000000000000000000000
448 00000000000000000000000000000000000000000000000000000000000000000000000000000000000000000000000000000000000000000000000000000000
512 00000000000000000000000000000000000000000000000000000000000000000000000000000000000000000000000000000000000000000000000000000000
576 00000000000000000000000000000000000000000000000000000000000000000000000000000000000000000000000000000000000000000000000000000000
640 00000000000000000000000000000000000000000000000000000000000000000000000000000000000000000000000000000000000000000000000000000000
704 00000000000000000000000000000000000000000000000000000000000000000000000000000000000000000000000000000000000000000000000000000000
768 00000000000000000000000000000000000000000000000000000000000000000000000000000000000000000000000000000000000000000000000000000000
832 00000000000000000000000000000000000000000000000000000000000000000000000000000000000000000000000000000000000000000000000000000000
896 00000000000000000000000000000000000000000000000000000000000000000000000000000000000000000000000000000000000000000000000000000000
960 00000000000000000000000000000000000000000000000000000000000000000000000000000000000000000000000000000000000000000000000000000000
1024 00000000000000000000000000000000000000000000000000000000000000000000000000000000000000000000000000000000000000000000000000000000
1088 00000000000000000000000000000000000000000000000000000000000000000000000000000000000000000000000000000000000000000000000000000000
1152 00000000000000000000000000000000000000000000000000000000000000000000000000000000000000000000000000000000000000000000000000000000
1216 00000000000000000000000000000000000000000000000000000000000000000000000000000000000000000000000000000000000000000000000000000000
1280 00000000000000000000000000000000000000000000000000000000000000000000000000000000000000000000000000000000000000000000000000000000
1344 00000000000000000000000000000000000000000000000000000000000000000000000000000000000000000000000000000000000000000000000000000000
1408 8857fbff9857fbffc057fbffc857fbffe057fbff0058fbff1858fbff5057fbff7057fbff1657fbff1657fbff1657fbff1457fbff1657fbff1457fbff3458fbff
1408 00000000000000000000000000000000000000000000000000000000000000000000000000000000000000000000000000000000000000000000000000000000
1472 00000000000000000000000000000000000000000000000000000000000000000000000000000000000000000000000000000000000000000000000000000000
1536 00000000000000000000000000000000000000000000000000000000000000000000000000000000000000000000000000000000000000000000000000000000
1600 00000000000000000000000000000000000000000000000000000000000000000000000000000000000000000000000000000000000000000000000000000000
1664 00000000000000000000000000000000000000000000000000000000000000000000000000000000000000000000000000000000000000000000000000000000
1728 00000000000000000000000000000000000000000000000000000000000000000000000000000000000000000000000000000000000000000000000000000000
1792 00000000000000000000000000000000000000000000000000000000000000000000000000000000000000000000000000000000000000000000000000000000
1856 00000000000000000000000000000000000000000000000000000000000000000000000000000000000000000000000000000000000000000000000000000000
1920 00000000000000000000000000000000000000000000000000000000000000000000000000000000000000000000000000000000000000000000000000000000
1984 00000000000000000000000000000000000000000000000000000000000000000000000000000000000000000000000000000000000000000000000000000000
0 00000000000000000000000000000000000000000000000000000000000000000000000000000000000000000000000000000000000000000000000000000000
64 00000000000000000000000000000000000000000000000000000000000000000000000000000000000000000000000000000000000000000000000000000000
128 00000000000000000000000000000000000000000000000000000000000000000000000000000000000000000000000000000000000000000000000000000000
192 00000000000000000000000000000000000000000000000000000000000000000000000000000000000000000000000000000000000000000000000000000000
256 00000000000000000000000000000000000000000000000000000000000000000000000000000000000000000000000000000000000000000000000000000000
320 00000000000000000000000000000000000000000000000000000000000000000000000000000000000000000000000000000000000000000000000000000000
384 00000000000000000000000000000000000000000000000000000000000000000000000000000000000000000000000000000000000000000000000000000000
448 00000000000000000000000000000000000000000000000000000000000000000000000000000000000000000000000000000000000000000000000000000000
512 00000000000000000000000000000000000000000000000000000000000000000000000000000000000000000000000000000000000000000000000000000000
576 00000000000000000000000000000000000000000000000000000000000000000000000000000000000000000000000000000000000000000000000000000000
640 00000000000000000000000000000000000000000000000000000000000000000000000000000000000000000000000000000000000000000000000000000000
704 00000000000000000000000000000000000000000000000000000000000000000000000000000000000000000000000000000000000000000000000000000000
768 00000000000000000000000000000000000000000000000000000000000000000000000000000000000000000000000000000000000000000000000000000000
832 00000000000000000000000000000000000000000000000000000000000000000000000000000000000000000000000000000000000000000000000000000000
896 00000000000000000000000000000000000000000000000000000000000000000000000000000000000000000000000000000000000000000000000000000000
960 00000000000000000000000000000000000000000000000000000000000000000000000000000000000000000000000000000000000000000000000000000000
1024 00000000000000000000000000000000000000000000000000000000000000000000000000000000000000000000000000000000000000000000000000000000
1088 00000000000000000000000000000000000000000000000000000000000000000000000000000000000000000000000000000000000000000000000000000000
1152 00000000000000000000000000000000000000000000000000000000000000000000000000000000000000000000000000000000000000000000000000000000
1216 00000000000000000000000000000000000000000000000000000000000000000000000000000000000000000000000000000000000000000000000000000000
1280 00000000000000000000000000000000000000000000000000000000000000000000000000000000000000000000000000000000000000000000000000000000
1344 00000000000000000000000000000000000000000000000000000000000000000000000000000000000000000000000000000000000000000000000000000000
1408 00000000000000000000000000000000000000000000000000000000000000000000000000000000000000000000000000000000000000000000000000000000
1472 00000000000000000000000000000000000000000000000000000000000000000000000000000000000000000000000000000000000000000000000000000000
1536 00000000000000000000000000000000000000000000000000000000000000000000000000000000000000000000000000000000000000000000000000000000
1600 00000000000000000000000000000000000000000000000000000000000000000000000000000000000000000000000000000000000000000000000000000000
1664 00000000000000000000000000000000000000000000000000000000000000000000000000000000000000000000000000000000000000000000000000000000
1728 00000000000000000000000000000000000000000000000000000000000000000000000000000000000000000000000000000000000000000000000000000000
1792 00000000000000000000000000000000000000000000000000000000000000000000000000000000000000000000000000000000000000000000000000000000
1856 00000000000000000000000000000000000000000000000000000000000000000000000000000000000000000000000000000000000000000000000000000000
1920 00000000000000000000000000000000000000000000000000000000000000000000000000000000000000000000000000000000000000000000000000000000
1984 00000000000000000000000000000000000000000000000000000000000000000000000000000000000000000000000000000000000000000000000000000000
0 00000000000000000000000000000000000000000000000000000000000000000000000000000000000000000000000000000000000000000000000000000000
64 00000000000000000000000000000000000000000000000000000000000000000000000000000000000000000000000000000000000000000000000000000000
128 00000000000000000000000000000000000000000000000000000000000000000000000000000000000000000000000000000000000000000000000000000000
192 00000000000000000000000000000000000000000000000000000000000000000000000000000000000000000000000000000000000000000000000000000000
256 00000000000000000000000000000000000000000000000000000000000000000000000000000000000000000000000000000000000000000000000000000000
320 00000000000000000000000000000000000000000000000000000000000000000000000000000000000000000000000000000000000000000000000000000000
384 00000000000000000000000000000000000000000000000000000000000000000000000000000000000000000000000000000000000000000000000000000000
448 00000000000000000000000000000000000000000000000000000000000000000000000000000000000000000000000000000000000000000000000000000000
512 00000000000000000000000000000000000000000000000000000000000000000000000000000000000000000000000000000000000000000000000000000000
576 00000000000000000000000000000000000000000000000000000000000000000000000000000000000000000000000000000000000000000000000000000000
640 00000000000000000000000000000000000000000000000000000000000000000000000000000000000000000000000000000000000000000000000000000000
704 00000000000000000000000000000000000000000000000000000000000000000000000000000000000000000000000000000000000000000000000000000000
768 00000000000000000000000000000000000000000000000000000000000000000000000000000000000000000000000000000000000000000000000000000000
832 00000000000000000000000000000000000000000000000000000000000000000000000000000000000000000000000000000000000000000000000000000000
896 00000000000000000000000000000000000000000000000000000000000000000000000000000000000000000000000000000000000000000000000000000000
960 00000000000000000000000000000000000000000000000000000000000000000000000000000000000000000000000000000000000000000000000000000000
1024 00000000000000000000000000000000000000000000000000000000000000000000000000000000000000000000000000000000000000000000000000000000
1088 00000000000000000000000000000000000000000000000000000000000000000000000000000000000000000000000000000000000000000000000000000000
1152 00000000000000000000000000000000000000000000000000000000000000000000000000000000000000000000000000000000000000000000000000000000
1216 f0b0fbff10aefbffd0b0fbffa0b0fbff10aefbff10aefbff10aefbff10aefbff80b0fbff60b0fbff40b0fbff20b0fbfff8affbffd0affbffa8affbff80affbff
1216 00000000000000000000000000000000000000000000000000000000000000000000000000000000000000000000000000000000000000000000000000000000
1280 10aefbff10aefbff10aefbff10aefbff50affbff10aefbff00aefbff28affbff10aefbff10aefbff10aefbff10aefbff10aefbff10aefbff00affbff2f766172
1280 00000000000000000000000000000000000000000000000000000000000000000000000000000000000000000000000000000000000000000000000000000000
1344 00000000000000000000000000000000000000000000000000000000000000000000000000000000000000000000000000000000000000000000000000000000
1408 00000000000000000000000000000000000000000000000000000000000000000000000000000000000000000000000000000000000000000000000000000000
1472 00000000000000000000000000000000000000000000000000000000000000000000000000000000000000000000000000000000000000000000000000000000
1536 00000000000000000000000000000000000000000000000000000000000000000000000000000000000000000000000000000000000000000000000000000000
1600 00000000000000000000000000000000000000000000000000000000000000000000000000000000000000000000000000000000000000000000000000000000
1664 33324249545f455845430000000000000000000000000000000000000000000069353836000000000069363836000000000068617377656c6c000078656f6e5f
1664 00000000000000000000000000000000000000000000000000000000000000000000000000000000000000000000000000000000000000000000000000000000
1728 706869000000000000000000000000007373653200000000007838365f36340000006176783531325f31004c445f5741524e0073657475702d7664736f2e6800
1728 00000000000000000000000000000000000000000000000000000000000000000000000000000000000000000000000000000000000000000000000000000000
1792 00000000000000000000000000000000000000000000000000000000000000000000000000000000000000000000000000000000000000000000000000000000
1856 005f5f7664736f5f636c6f636b5f67657474696d65005f5f7664736f5f67657474696d656f66646179005f5f7664736f5f74696d65005f5f7664736f5f676574
1856 00000000000000000000000000000000000000000000000000000000000000000000000000000000000000000000000000000000000000000000000000000000
1920 637075005f5f7664736f5f636c6f636b5f676574726573004c445f4c4942524152595f50415448004c445f42494e445f4e4f57004c445f42494e445f4e4f5400
1920 00000000000000000000000000000000000000000000000000000000000000000000000000000000000000000000000000000000000000000000000000000000
1984 4c445f44594e414d49435f5745414b004c445f50524f46494c455f4f5554505554004c445f415353554d455f4b45524e454c000000000000696e666f5b44545f
1984 00000000000000000000000000000000000000000000000000000000000000000000000000000000000000000000000000000000000000000000000000000000
0 504c5452454c5d2d3e645f756e2e645f76616c203d3d2044545f52454c410000696e666f5b44545f52454c41454e545d2d3e645f756e2e645f76616c203d3d20
0 00000000000000000000000000000000000000000000000000000000000000000000000000000000000000000000000000000000000000000000000000000000
64 00000000000000000000000000000000000000000000000000000000000000000000000000000000000000000000000000000000000000000000000000000000
128 00000000000000000000000000000000000000000000000000000000000000000000000000000000000000000000000000000000000000000000000000000000
192 00000000000000000000000000000000000000000000000000000000000000000000000000000000000000000000000000000000000000000000000000000000
256 00000000000000000000000000000000000000000000000000000000000000000000000000000000000000000000000000000000000000000000000000000000
320 00000000000000000000000000000000000000000000000000000000000000000000000000000000000000000000000000000000000000000000000000000000
384 00000000000000000000000000000000000000000000000000000000000000000000000000000000000000000000000000000000000000000000000000000000
448 00000000000000000000000000000000000000000000000000000000000000000000000000000000000000000000000000000000000000000000000000000000
512 00000000000000000000000000000000000000000000000000000000000000000000000000000000000000000000000000000000000000000000000000000000
576 00000000000000000000000000000000000000000000000000000000000000000000000000000000000000000000000000000000000000000000000000000000
640 00000000000000000000000000000000000000000000000000000000000000000000000000000000000000000000000000000000000000000000000000000000
704 00000000000000000000000000000000000000000000000000000000000000000000000000000000000000000000000000000000000000000000000000000000
768 00000000000000000000000000000000000000000000000000000000000000000000000000000000000000000000000000000000000000000000000000000000
832 00000000000000000000000000000000000000000000000000000000000000000000000000000000000000000000000000000000000000000000000000000000
896 00000000000000000000000000000000000000000000000000000000000000000000000000000000000000000000000000000000000000000000000000000000
960 00000000000000000000000000000000000000000000000000000000000000000000000000000000000000000000000000000000000000000000000000000000
1024 00000000000000000000000000000000000000000000000000000000000000000000000000000000000000000000000000000000000000000000000000000000
1088 00000000000000000000000000000000000000000000000000000000000000000000000000000000000000000000000000000000000000000000000000000000
1152 00000000000000000000000000000000000000000000000000000000000000000000000000000000000000000000000000000000000000000000000000000000
1216 00000000000000000000000000000000000000000000000000000000000000000000000000000000000000000000000000000000000000000000000000000000
1280 00000000000000000000000000000000000000000000000000000000000000000000000000000000000000000000000000000000000000000000000000000000
1344 00000000000000000000000000000000000000000000000000000000000000000000000000000000000000000000000000000000000000000000000000000000
1408 00000000000000000000000000000000000000000000000000000000000000000000000000000000000000000000000000000000000000000000000000000000
1472 00000000000000000000000000000000000000000000000000000000000000000000000000000000000000000000000000000000000000000000000000000000
1536 00000000000000000000000000000000000000000000000000000000000000000000000000000000000000000000000000000000000000000000000000000000
1600 00000000000000000000000000000000000000000000000000000000000000000000000000000000000000000000000000000000000000000000000000000000
1664 00000000000000000000000000000000000000000000000000000000000000000000000000000000000000000000000000000000000000000000000000000000
1728 00000000000000000000000000000000000000000000000000000000000000000000000000000000000000000000000000000000000000000000000000000000
1792 00000000000000000000000000000000000000000000000000000000000000000000000000000000000000000000000000000000000000000000000000000000
1856 00000000000000000000000000000000000000000000000000000000000000000000000000000000000000000000000000000000000000000000000000000000
1920 00000000000000000000000000000000000000000000000000000000000000000000000000000000000000000000000000000000000000000000000000000000
1984 00000000000000000000000000000000000000000000000000000000000000000000000000000000000000000000000000000000000000000000000000000000
0 00000000000000000000000000000000000000000000000000000000000000000000000000000000000000000000000000000000000000000000000000000000
64 00000000000000000000000000000000000000000000000000000000000000000000000000000000000000000000000000000000000000000000000000000000
128 00000000000000000000000000000000000000000000000000000000000000000000000000000000000000000000000000000000000000000000000000000000
192 00000000000000000000000000000000000000000000000000000000000000000000000000000000000000000000000000000000000000000000000000000000
256 00000000000000000000000000000000000000000000000000000000000000000000000000000000000000000000000000000000000000000000000000000000
320 00000000000000000000000000000000000000000000000000000000000000000000000000000000000000000000000000000000000000000000000000000000
384 00000000000000000000000000000000000000000000000000000000000000000000000000000000000000000000000000000000000000000000000000000000
448 00000000000000000000000000000000000000000000000000000000000000000000000000000000000000000000000000000000000000000000000000000000
512 00000000000000000000000000000000000000000000000000000000000000000000000000000000000000000000000000000000000000000000000000000000
576 00000000000000000000000000000000000000000000000000000000000000000000000000000000000000000000000000000000000000000000000000000000
640 00000000000000000000000000000000000000000000000000000000000000000000000000000000000000000000000000000000000000000000000000000000
704 00000000000000000000000000000000000000000000000000000000000000000000000000000000000000000000000000000000000000000000000000000000
768 00000000000000000000000000000000000000000000000000000000000000000000000000000000000000000000000000000000000000000000000000000000
832 00000000000000000000000000000000000000000000000000000000000000000000000000000000000000000000000000000000000000000000000000000000
896 00000000000000000000000000000000000000000000000000000000000000000000000000000000000000000000000000000000000000000000000000000000
960 00000000000000000000000000000000000000000000000000000000000000000000000000000000000000000000000000000000000000000000000000000000
1024 00000000000000000000000000000000000000000000000000000000000000000000000000000000000000000000000000000000000000000000000000000000
1088 00000000000000000000000000000000000000000000000000000000000000000000000000000000000000000000000000000000000000000000000000000000
1152 00000000000000000000000000000000000000000000000000000000000000000000000000000000000000000000000000000000000000000000000000000000
1216 00000000000000000000000000000000000000000000000000000000000000000000000000000000000000000000000000000000000000000000000000000000
1280 00000000000000000000000000000000000000000000000000000000000000000000000000000000000000000000000000000000000000000000000000000000
1344 00000000000000000000000000000000000000000000000000000000000000000000000000000000000000000000000000000000000000000000000000000000
1408 00000000000000000000000000000000000000000000000000000000000000000000000000000000000000000000000000000000000000000000000000000000
1472 00000000000000000000000000000000000000000000000000000000000000000000000000000000000000000000000000000000000000000000000000000000
1536 00000000000000000000000000000000000000000000000000000000000000000000000000000000000000000000000000000000000000000000000000000000
1600 00000000000000000000000000000000000000000000000000000000000000000000000000000000000000000000000000000000000000000000000000000000
1664 00000000000000000000000000000000000000000000000000000000000000000000000000000000000000000000000000000000000000000000000000000000
1728 00000000000000000000000000000000000000000000000000000000000000000000000000000000000000000000000000000000000000000000000000000000
1728 f30f1efa534889fbe8a33f00004885c07418f30f7e43384889d8660f6cc00f1143080f1143180f1143285bc30f1f4000f30f1efa488d05e5780a00488d0d9e76
1792 00000000000000000000000000000000000000000000000000000000000000000000000000000000000000000000000000000000000000000000000000000000
1792 0a00534889fb488987d8000000488b87a0000000488988e0000000e8503f00004885c0741bf30f7e43384889d8660f6cc00f1143080f1143180f1143285bc390
1856 00000000000000000000000000000000000000000000000000000000000000000000000000000000000000000000000000000000000000000000000000000000
1856 488b93a0000000488d0dd2770a0048898bd8000000488d0d84750a0048898ae00000005bc366662e0f1f840000000000f30f1efa8b07a8100f85ea0200004157
1920 00000000000000000000000000000000000000000000000000000000000000000000000000000000000000000000000000000000000000000000000000000000
1984 00000000000000000000000000000000000000000000000000000000000000000000000000000000000000000000000000000000000000000000000000000000
0 00000000000000000000000000000000000000000000000000000000000000000000000000000000000000000000000000000000000000000000000000000000
64 00000000000000000000000000000000000000000000000000000000000000000000000000000000000000000000000000000000000000000000000000000000
128 00000000000000000000000000000000000000000000000000000000000000000000000000000000000000000000000000000000000000000000000000000000
192 00000000000000000000000000000000000000000000000000000000000000000000000000000000000000000000000000000000000000000000000000000000
256 00000000000000000000000000000000000000000000000000000000000000000000000000000000000000000000000000000000000000000000000000000000
320 00000000000000000000000000000000000000000000000000000000000000000000000000000000000000000000000000000000000000000000000000000000
384 00000000000000000000000000000000000000000000000000000000000000000000000000000000000000000000000000000000000000000000000000000000
448 00000000000000000000000000000000000000000000000000000000000000000000000000000000000000000000000000000000000000000000000000000000
512 e83bb3faff488d0d04ff020031d231f6bf0c000000e8c6980000488d0d17ff0200ebe966662e0f1f8400000000006690f30f1efa55488d0d84540400488d1585
512 00000000000000000000000000000000000000000000000000000000000000000000000000000000000000000000000000000000000000000000000000000000
576 5404004889e54157415641554154534883ec2848897db0488b355a8d0400488b3d838d0400e816480000bf280000004889055a540400e8d5acfaff4889052e54
576 00000000000000000000000000000000000000000000000000000000000000000000000000000000000000000000000000000000000000000000000000000000
640 04004885c00f84c002000048b9cdcccccccccccccc4989c6488b05295404004c8d2c8500000000488945c8498d554f4889d048f7e148c1ea05488d1c924889df
640 00000000000000000000000000000000000000000000000000000000000000000000000000000000000000000000000000000000000000000000000000000000
704 48c1e705e887acfaff4989064989c74885c00f845e020000488905818d0400488d0574f902004983c6084c8d25afff020049894708488d05c4ff020049894718
704 00000000000000000000000000000000000000000000000000000000000000000000000000000000000000000000000000000000000000000000000000000000
768 488d04dd00000000488d1dc8ff0200488945c048f7d848837dc800c705935304000000000049c747100000000049c7472016000000488945b8740e498d7f284c
768 00000000000000000000000000000000000000000000000000000000000000000000000000000000000000000000000000000000000000000000000000000000
832 89ea31f6e8c755f8ff488d0568ff02004c39e0745b488b45b84c037dc04983c6084983c4084d897ef84d893c07488d05e6f8020049894708498b0424803b2f49
832 00000000000000000000000000000000000000000000000000000000000000000000000000000000000000000000000000000000000000000000000000000000
896 c747100000000049894720488d44030149895f180f857d01000048837dc8004889c37597488d050dff02004c39e075a548837db00049c7070000000048c70579
896 00000000000000000000000000000000000000000000000000000000000000000000000000000000000000000000000000000000000000000000000000000000
960 8304001a00000049c706000000007409488b45b0803800751a48c705fc520400ffffffff488d65d85b415c415d415e415f5dc34889c7e88555f8ff4889e14c8d
960 00000000000000000000000000000000000000000000000000000000000000000000000000000000000000000000000000000000000000000000000000000000
1024 40014883c0184889c2482500f0ffff4829c14883e2f04889c84839c474124881ec0010000048838c24f80f000000ebe981e2ff0f00004829d44885d20f85b100
1024 00000000000000000000000000000000000000000000000000000000000000000000000000000000000000000000000000000000000000000000000000000000
1088 0000488b75b0488d7c240f4c89c24883e7f0e80954f8ff4989c40fb60084c00f84ab0000004c89e2be010000000f1f0083e83a488d4e013c01770a488d460248
1088 00000000000000000000000000000000000000000000000000000000000000000000000000000000000000000000000000000000000000000000000000000000
1152 00000000000000000000000000000000000000000000000000000000000000000000000000000000000000000000000000000000000000000000000000000000
1216 00000000000000000000000000000000000000000000000000000000000000000000000000000000000000000000000000000000000000000000000000000000
1280 00000000000000000000000000000000000000000000000000000000000000000000000000000000000000000000000000000000000000000000000000000000
1344 00000000000000000000000000000000000000000000000000000000000000000000000000000000000000000000000000000000000000000000000000000000
1408 00000000000000000000000000000000000000000000000000000000000000000000000000000000000000000000000000000000000000000000000000000000
1472 00000000000000000000000000000000000000000000000000000000000000000000000000000000000000000000000000000000000000000000000000000000
1536 00000000000000000000000000000000000000000000000000000000000000000000000000000000000000000000000000000000000000000000000000000000
1600 00000000000000000000000000000000000000000000000000000000000000000000000000000000000000000000000000000000000000000000000000000000
1664 00000000000000000000000000000000000000000000000000000000000000000000000000000000000000000000000000000000000000000000000000000000
1728 00000000000000000000000000000000000000000000000000000000000000000000000000000000000000000000000000000000000000000000000000000000
1792 00000000000000000000000000000000000000000000000000000000000000000000000000000000000000000000000000000000000000000000000000000000
1856 00000000000000000000000000000000000000000000000000000000000000000000000000000000000000000000000000000000000000000000000000000000
1920 00000000000000000000000000000000000000000000000000000000000000000000000000000000000000000000000000000000000000000000000000000000
1984 00000000000000000000000000000000000000000000000000000000000000000000000000000000000000000000000000000000000000000000000000000000
0 00000000000000000000000000000000000000000000000000000000000000000000000000000000000000000000000000000000000000000000000000000000
64 00000000000000000000000000000000000000000000000000000000000000000000000000000000000000000000000000000000000000000000000000000000
128 00000000000000000000000000000000000000000000000000000000000000000000000000000000000000000000000000000000000000000000000000000000
192 00000000000000000000000000000000000000000000000000000000000000000000000000000000000000000000000000000000000000000000000000000000
256 00000000000000000000000000000000000000000000000000000000000000000000000000000000000000000000000000000000000000000000000000000000
320 00000000000000000000000000000000000000000000000000000000000000000000000000000000000000000000000000000000000000000000000000000000
384 00000000000000000000000000000000000000000000000000000000000000000000000000000000000000000000000000000000000000000000000000000000
448 00000000000000000000000000000000000000000000000000000000000000000000000000000000000000000000000000000000000000000000000000000000
512 00000000000000000000000000000000000000000000000000000000000000000000000000000000000000000000000000000000000000000000000000000000
576 00000000000000000000000000000000000000000000000000000000000000000000000000000000000000000000000000000000000000000000000000000000
640 00000000000000000000000000000000000000000000000000000000000000000000000000000000000000000000000000000000000000000000000000000000
704 00000000000000000000000000000000000000000000000000000000000000000000000000000000000000000000000000000000000000000000000000000000
768 00000000000000000000000000000000000000000000000000000000000000000000000000000000000000000000000000000000000000000000000000000000
768 ffe82a870300662e0f1f840000000000f30f1efa4889f28b7770bf01000000e92c4c030066662e0f1f84000000000090f30f1efa41554989fd415455534883ec
832 084885d20f8e7e0000004889f54989d44889d3eb180f1f00e8234e03004885c0782e4829c34801c54885db7e53418b7d704889da4889ee41f645740274dae82d
832 00000000000000000000000000000000000000000000000000000000000000000000000000000000000000000000000000000000000000000000000000000000
896 5903004885c079da0f1f84000000000041834d00204c89e04829d8498b95900000004885d2780a4801c2498995900000004883c4085b5d415c415dc30f1f4000
896 00000000000000000000000000000000000000000000000000000000000000000000000000000000000000000000000000000000000000000000000000000000
960 4c89e04829d8ebd331c0ebcf0f1f4000f30f1efa41574989f7415641554989d541544989f4554889fd534881ecb80000004c8b7708488b5f1064488b04252800
960 00000000000000000000000000000000000000000000000000000000000000000000000000000000000000000000000000000000000000000000000000000000
1024 000048898424a800000031c04c29f34839d30f831d010000f707000100000f854c010000488b85d800000049c7c6602b4c0048c7c308324c004889c24c29f34c
1024 00000000000000000000000000000000000000000000000000000000000000000000000000000000000000000000000000000000000000000000000000000000
1088 00000000000000000000000000000000000000000000000000000000000000000000000000000000000000000000000000000000000000000000000000000000
1152 00000000000000000000000000000000000000000000000000000000000000000000000000000000000000000000000000000000000000000000000000000000
1216 00000000000000000000000000000000000000000000000000000000000000000000000000000000000000000000000000000000000000000000000000000000
1280 00000000000000000000000000000000000000000000000000000000000000000000000000000000000000000000000000000000000000000000000000000000
1344 00000000000000000000000000000000000000000000000000000000000000000000000000000000000000000000000000000000000000000000000000000000
1408 00000000000000000000000000000000000000000000000000000000000000000000000000000000000000000000000000000000000000000000000000000000
1472 00000000000000000000000000000000000000000000000000000000000000000000000000000000000000000000000000000000000000000000000000000000
1536 00000000000000000000000000000000000000000000000000000000000000000000000000000000000000000000000000000000000000000000000000000000
1600 00000000000000000000000000000000000000000000000000000000000000000000000000000000000000000000000000000000000000000000000000000000
1664 00000000000000000000000000000000000000000000000000000000000000000000000000000000000000000000000000000000000000000000000000000000
1728 00000000000000000000000000000000000000000000000000000000000000000000000000000000000000000000000000000000000000000000000000000000
1792 00000000000000000000000000000000000000000000000000000000000000000000000000000000000000000000000000000000000000000000000000000000
1856 00000000000000000000000000000000000000000000000000000000000000000000000000000000000000000000000000000000000000000000000000000000
1920 00000000000000000000000000000000000000000000000000000000000000000000000000000000000000000000000000000000000000000000000000000000
1984 00000000000000000000000000000000000000000000000000000000000000000000000000000000000000000000000000000000000000000000000000000000
0 00000000000000000000000000000000000000000000000000000000000000000000000000000000000000000000000000000000000000000000000000000000
64 00000000000000000000000000000000000000000000000000000000000000000000000000000000000000000000000000000000000000000000000000000000
128 00000000000000000000000000000000000000000000000000000000000000000000000000000000000000000000000000000000000000000000000000000000
192 00000000000000000000000000000000000000000000000000000000000000000000000000000000000000000000000000000000000000000000000000000000
256 00000000000000000000000000000000000000000000000000000000000000000000000000000000000000000000000000000000000000000000000000000000
320 00000000000000000000000000000000000000000000000000000000000000000000000000000000000000000000000000000000000000000000000000000000
384 00000000000000000000000000000000000000000000000000000000000000000000000000000000000000000000000000000000000000000000000000000000
448 00000000000000000000000000000000000000000000000000000000000000000000000000000000000000000000000000000000000000000000000000000000
512 3cf40200ba6f000000488d3574f10200488d3dc9f10200e8446df8ff0f1f4000415741564989f64155415455534881ec88000000458b610848897c2410488bac
512 00000000000000000000000000000000000000000000000000000000000000000000000000000000000000000000000000000000000000000000000000000000
576 24c000000048895424484c8bbc24d800000048894c24404c8944243848c1ee064d89e34c897424184d89fc8b8424e00000004d8b29488974242083e002894424
576 0fe99a460300662e0f1f840000000000e92b52030066662e0f1f840000000000f30f1efa4157415641554531ed415455534883ec184885d2745d4889fd4989f4
576 00000000000000000000000000000000000000000000000000000000000000000000000000000000000000000000000000000000000000000000000000000000
640 544189c7e9900000000f1f80000000008bb3f402000085f67472488b4370c74424740000000048c744247800000000488b40084889442408488b4368488b4008
640 488b7f284889d38b450025000a00003d000a0000745a488b45304839f876714829f84531ff4889c24885d274634839d34c89e64989de480f46d34989d5e88e46
640 00000000000000000000000000000000000000000000000000000000000000000000000000000000000000000000000000000000000000000000000000000000
704 48890424488b83000300004885c00f84cc000000488b7c24188b8bfc0200008b5424202393f8020000488b04d04889fa48d3ea4889d14889c248d3ea89f948d3
704 feff4d01ec4d29ee488945284d01f775424c29f34989dd4883c4184c89e85b5d415c415d415e415fc30f1f8000000000488b5540488d041e4829fa4839d30f86
704 00000000000000000000000000000000000000000000000000000000000000000000000000000000000000000000000000000000000000000000000000000000
768 e84821d0a8010f85fc0100004883c5014939eb0f86d7020000498b44ed00488b58284c39e374e54585ff7409f6831c0300000374d7f6831d0300002075cef605
768 a10000004531ff4885d275a10f1f40004989de488b85d800000049c7c7602b4c0049c7c508324c004889c24d29fd4c29fa4939d50f86a6010000beffffffff48
768 00000000000000000000000000000000000000000000000000000000000000000000000000000000000000000000000000000000000000000000000000000000
832 7b7c0400080f8445ffffff488b5308488b4b30803a007428488b742410488d3dccf0020031c04c891c24e8814600004c8b1c24e918ffffff0f1f840000000000
832 89efff501883f8ff0f844a010000488b4d40482b4d384d89f04883f97f760b4c89f031d248f7f14929d04d85c075494989dd4d85f60f845cffffff4b8d34044c
832 00000000000000000000000000000000000000000000000000000000000000000000000000000000000000000000000000000000000000000000000000000000
896 488b05e13e0400488b10488d05bee702004885d2480f44d0ebbe660f1f440000488b442448bfffffffff488b004839f80f84ba06000031d248f7f648c1e20248
896 89f24889efe8062600004c29f04901c5e942ffffff0f1f004883e80180380a0f840b0100004939c472ee4531ffe9fbfeffff660f1f440000488b85d800000048
896 00000000000000000000000000000000000000000000000000000000000000000000000000000000000000000000000000000000000000000000000000000000
960 8b83100300008b041085c00f843bffffff488d74247444897c2458448bb424d00000004889742428488d742478448bbc24e00000004c896c24604c8bac24c800
960 89c24c29faf74500001000000f85fe000000488b4d10488b75204839f174404939d50f86750100004829ce4c890424ba010000004889efff90800000004883f8
960 00000000000000000000000000000000000000000000000000000000000000000000000000000000000000000000000000000000000000000000000000000000
1024 ff0f840301000048898590000000488b85d80000004c8b04244889c24c29fa4939d50f86190100004c8904244c89c24c89e64889efff50784c8b04244989c50f
1024 00000000000000000000000000000000000000000000000000000000000000000000000000000000000000000000000000000000000000000000000000000000
1088 00000000000000000000000000000000000000000000000000000000000000000000000000000000000000000000000000000000000000000000000000000000
1152 00000000000000000000000000000000000000000000000000000000000000000000000000000000000000000000000000000000000000000000000000000000
1152 45304d39e80f87820000004d29eee9dcfeffff0f1f4400004c29f349c7c5ffffffff4d85f64c0f45ebe929feffff66904c29e04883c0014889c20f85c1000000
1216 00000000000000000000000000000000000000000000000000000000000000000000000000000000000000000000000000000000000000000000000000000000
1216 4989de41bf01000000e9fefdffff669048c78590000000ffffffffe93fffffff48890424e897e8ffff488b0424e948feffff660f1f440000f74500020200000f
1280 00000000000000000000000000000000000000000000000000000000000000000000000000000000000000000000000000000000000000000000000000000000
1344 00000000000000000000000000000000000000000000000000000000000000000000000000000000000000000000000000000000000000000000000000000000
1408 00000000000000000000000000000000000000000000000000000000000000000000000000000000000000000000000000000000000000000000000000000000
1408 ff41bf01000000e921fdffff0f1f4000f30f1efa41554154554889fd534881eca80000004c8bafd800000049c7c4602b4c0064488b0425280000004889842498
1472 38448b842410010000488b7c24404c8d0cd04c89eae8b6faffff4883c4304885c00f8560070000418b16eb840f1f400031c04881c4880000005b5d415c415d41
1472 00000000000000000000000000000000000000000000000000000000000000000000000000000000000000000000000000000000000000000000000000000000
1472 00000031c048c7c308324c004c89e84c29e34c29e04839c30f86220100004889e64889ef41ff959000000085c075108b4424182500f000003d00800000747148
1536 5e415fc30f1f4000f6831c030000030f859afeffff83bc24e0000000040f858cfeffff488b53784885d20f847ffeffff488b83800000004885c00f846ffeffff
1536 00000000000000000000000000000000000000000000000000000000000000000000000000000000000000000000000000000000000000000000000000000000
1600 488b40084885c00f8462feffff48beabaaaaaaaaaaaaaa4c8b4a0848f7e64889d048c1e80485c00f8442feffff83e80148895c24284c89cb488d04404889ac24
1600 00000000000000000000000000000000000000000000000000000000000000000000000000000000000000000000000000000000000000000000000000000000
1664 c00000004d8d74c1184c894424304c89f54d89deeb17662e0f1f8400000000004883c3184839eb0f84d6060000488b4b0889ce83f92477e848b8800007001000
1664 00000000000000000000000000000000000000000000000000000000000000000000000000000000000000000000000000000000000000000000000000000000
1728 00000000000000000000000000000000000000000000000000000000000000000000000000000000000000000000000000000000000000000000000000000000
1792 00000000000000000000000000000000000000000000000000000000000000000000000000000000000000000000000000000000000000000000000000000000
1856 00000000000000000000000000000000000000000000000000000000000000000000000000000000000000000000000000000000000000000000000000000000
1920 00000000000000000000000000000000000000000000000000000000000000000000000000000000000000000000000000000000000000000000000000000000
1984 00000000000000000000000000000000000000000000000000000000000000000000000000000000000000000000000000000000000000000000000000000000
0 00000000000000000000000000000000000000000000000000000000000000000000000000000000000000000000000000000000000000000000000000000000
64 00000000000000000000000000000000000000000000000000000000000000000000000000000000000000000000000000000000000000000000000000000000
128 00000000000000000000000000000000000000000000000000000000000000000000000000000000000000000000000000000000000000000000000000000000
192 80294c000000000088294c000000000080294c0000000000a0294c0000000000001d4000000000008017400000000000c01c4000000000003017400000000000
192 00000000000000000000000000000000000000000000000000000000000000000000000000000000000000000000000000000000000000000000000000000000
256 00000000000000000000000000000000000000000000000000000000000000000000000000000000000000000000000000000000000000000000000000000000
320 00000000000000000000000000000000000000000000000000000000000000000000000000000000000000000000000000000000000000000000000000000000
384 00000000000000000000000000000000000000000000000000000000000000000000000000000000000000000000000000000000000000000000000000000000
448 00000000000000000000000000000000000000000000000000000000000000000000000000000000000000000000000000000000000000000000000000000000
512 00000000000000000000000000000000000000000000000000000000000000000000000000000000000000000000000000000000000000000000000000000000
576 00000000000000000000000000000000000000000000000000000000000000000000000000000000000000000000000000000000000000000000000000000000
640 00000000000000000000000000000000000000000000000000000000000000000000000000000000000000000000000000000000000000000000000000000000
640 48474100000000004847410000000000b056410000000000e0594100000000004856410000000000a8584100000000009058410000000000c058410000000000
704 00000000000000000000000000000000000000000000000000000000000000000000000000000000000000000000000000000000000000000000000000000000
768 00000000000000000000000000000000000000000000000000000000000000000000000000000000000000000000000000000000000000000000000000000000
832 00000000000000000000000000000000000000000000000000000000000000000000000000000000000000000000000000000000000000000000000000000000
896 00000000000000000000000000000000000000000000000000000000000000000000000000000000000000000000000000000000000000000000000000000000
960 00000000000000000000000000000000000000000000000000000000000000000000000000000000000000000000000000000000000000000000000000000000
1024 f30f1efa31c04885d27505c30f1f400041574156415541544989f4554889d5534889fb4883ec084c8bb7d800000049c7c7602b4c0049c7c508324c004c89f04d
1024 00000000000000000000000000000000000000000000000000000000000000000000000000000000000000000000000000000000000000000000000000000000
1088 29fd4c29f8f707001000000f85bf000000488b5710488b77204839f2743d4939c50f86f90000004829d64889dfba0100000041ff96800000004889c2b8ffffff
1088 00000000000000000000000000000000000000000000000000000000000000000000000000000000000000000000000000000000000000000000000000000000
1152 ff4883faff74724c8bb3d8000000488993900000004c89f04c29f84939c50f86ac0000004889ea4c89e64889df41ff56784989c50fb783800000004d85ed7405
1152 00000000000000000000000000000000000000000000000000000000000000000000000000000000000000000000000000000000000000000000000000000000
1216 6685c0756b488b43388b93c0000000488943184889430848894310488943284889432085d27e39488b43404889433031c04c39ed0f95c0f7d84883c4085b5d41
1216 00000000000000000000000000000000000000000000000000000000000000000000000000000000000000000000000000000000000000000000000000000000
1280 5c415d415e415fc30f1f84000000000048c78790000000ffffffffe97bfffffff7030202000075c3ebbd660f1f4400008d78ff4489ea4c89e6e87227000083c0
1280 00000000000000000000000000000000000000000000000000000000000000000000000000000000000000000000000000000000000000000000000000000000
1344 0166898380000000e978ffffff0f1f00e82be0ffffe94affffff660f1f440000e81be0ffff488b7320488b5310e9f5feffff66662e0f1f8400000000000f1f00
1344 00000000000000000000000000000000000000000000000000000000000000000000000000000000000000000000000000000000000000000000000000000000
1408 f30f1efa41545553448b67704183fcff0f84e60000008b074889fb31ed25080800003d000800000f84db0000004889df4531e4e8c8320000f643742075354c8b
1408 00000000000000000000000000000000000000000000000000000000000000000000000000000000000000000000000000000000000000000000000000000000
1472 00000000000000000000000000000000000000000000000000000000000000000000000000000000000000000000000000000000000000000000000000000000
1536 fc29b8ffbf02000000488d3518d1010031c0e8393d0000bf7f000000e8df32fdff66662e0f1f8400000000000f1f4000f30f1efa4157415641554989fd415449
1536 00000000000000000000000000000000000000000000000000000000000000000000000000000000000000000000000000000000000000000000000000000000
1600 89d455534881ec880000000fb617488974240848894c24184c89042444894c241084d20f84170200004889f9b8051500000f1f80000000004889c64883c10148
1600 00000000000000000000000000000000000000000000000000000000000000000000000000000000000000000000000000000000000000000000000000000000
1664 c1e6054801f04801d00fb61184d275e889c3b8ffffffff660fefc048833c240048894424480f29442450740ef68424c0000000020f856e0a0000488b44241849
1664 00000000000000000000000000000000000000000000000000000000000000000000000000000000000000000000000000000000000000000000000000000000
1728 8b0c244883bc24c8000000004c8b080f85eb0100004d85c90f84b201000048c7442420000000004889c5488b4424204c8d7c24504c8d742448eb180f1f440000
1728 00000000000000000000000000000000000000000000000000000000000000000000000000000000000000000000000000000000000000000000000000000000
1792 4c8b4d084883c508498b0c2431c04d85c9743aff7424088b7c24184d89f84c89f24889de57ffb424d80000008bbc24d8000000574c89efff74242050e8dff2ff
1792 00000000000000000000000000000000000000000000000000000000000000000000000000000000000000000000000000000000000000000000000000000000
1856 ff4883c43085c074b7498b0c2448837c2450000f84370100004885c9740b0fb6410583e0033c03745f4c8b74245831ed410fb6861c03000083e0033c020f842f
1856 00000000000000000000000000000000000000000000000000000000000000000000000000000000000000000000000000000000000000000000000000000000
1856 4051410000000000e0504100000000008050410000000000904d410000000000f84c410000000000904c410000000000404c410000000000f056410000000000
1920 020000418b8edc03000085c90f84100200008b0528700400a9040800000f8556010000488b442450498904244881c4880000004c89f05b5d415c415d415e415f
1920 00000000000000000000000000000000000000000000000000000000000000000000000000000000000000000000000000000000000000000000000000000000
1984 c30f1f8000000000837c2410010f84b6020000488b442418660fefc00f294424604c8b084d85c90f84c6020000837c2410044c8d442460488b5424204989c70f
1984 00000000000000000000000000000000000000000000000000000000000000000000000000000000000000000000000000000000000000000000000000000000
0 944424284c89c5eb5e0f1f8000000000807c242800b80400000074566a004989e84889de4c89ef50ffb424d80000008b8424d800000050ff742420524c89f2e8
0 00000000000000000000000000000000000000000000000000000000000000000000000000000000000000000000000000000000000000000000000000000000
64 dcf1ffff4883c43085c00f850a0200004d8b4f084983c7084d85c90f84f9010000498b0c2431d20fb6410483e00f3c01749eb801000000eba30f1f8000000000
64 00000000000000000000000000000000000000000000000000000000000000000000000000000000000000000000000000000000000000000000000000000000
128 bb05150000e908feffff660f1f4400004885c9740b0fb64104c0e8043c02740df6051a6f0400010f843b07000049c70424000000004531f6e9effeffff0f1f00
128 00000000000000000000000000000000000000000000000000000000000000000000000000000000000000000000000000000000000000000000000000000000
192 498b01488b384839bc24c80000000f84fe010000488bb424c800000031d266904883c201483934d075f64889542420488b6c2418e9f1fdffffa8040f84a2feff
192 00000000000000000000000000000000000000000000000000000000000000000000000000000000000000000000000000000000000000000000000000000000
256 ff498b4e0885ed4d8b46304c8d0d89e20200488d058ce202004c0f44c88039007518488b053f310400488b08488d051cda02004885c9480f44c8488b44240848
256 20d849000000000020ce490000000000000000000000000020c8490000000000000000000000000020d449000000000000000000000000000000000000000000
256 00000000000000000000000000000000000000000000000000000000000000000000000000000000000000000000000000000000000000000000000000000000
320 00000000000000000000000000000000000000000000000000000000000000000000000000000000000000000000000000000000000000000000000000000000
384 00000000000000000000000000000000000000000000000000000000000000000000000000000000000000000000000000000000000000000000000000000000
448 00000000000000000000000000000000000000000000000000000000000000000000000000000000000000000000000000000000000000000000000000000000
512 00000000000000000000000000000000000000000000000000000000000000000000000000000000000000000000000000000000000000000000000000000000
576 00000000000000000000000000000000000000000000000000000000000000000000000000000000000000000000000000000000000000000000000000000000
640 00000000000000000000000000000000000000000000000000000000000000000000000000000000000000000000000000000000000000000000000000000000
704 00000000000000000000000000000000000000000000000000000000000000000000000000000000000000000000000000000000000000000000000000000000
768 00000000000000000000000000000000000000000000000000000000000000000000000000000000000000000000000000000000000000000000000000000000
832 00000000000000000000000000000000000000000000000000000000000000000000000000000000000000000000000000000000000000000000000000000000
896 00000000000000000000000000000000000000000000000000000000000000000000000000000000000000000000000000000000000000000000000000000000
960 00000000000000000000000000000000000000000000000000000000000000000000000000000000000000000000000000000000000000000000000000000000
1024 00000000000000000000000000000000000000000000000000000000000000000000000000000000000000000000000000000000000000000000000000000000
1088 00000000000000000000000000000000000000000000000000000000000000000000000000000000000000000000000000000000000000000000000000000000
1152 00000000000000000000000000000000000000000000000000000000000000000000000000000000000000000000000000000000000000000000000000000000
1216 00000000000000000000000000000000000000000000000000000000000000000000000000000000000000000000000000000000000000000000000000000000
1280 00000000000000000000000000000000000000000000000000000000000000000000000000000000000000000000000000000000000000000000000000000000
1344 00000000000000000000000000000000000000000000000000000000000000000000000000000000000000000000000000000000000000000000000000000000
1408 00000000000000000000000000000000000000000000000000000000000000000000000000000000000000000000000000000000000000000000000000000000
1472 00000000000000000000000000000000000000000000000000000000000000000000000000000000000000000000000000000000000000000000000000000000
1536 00000000000000000000000000000000000000000000000000000000000000000000000000000000000000000000000000000000000000000000000000000000
1600 00000000000000000000000000000000000000000000000000000000000000000000000000000000000000000000000000000000000000000000000000000000
1664 eba6660f1f440000e8f3d6ffffebc290f30f1efa4154554889fd538b07a8080f85fb01000089f3488b7720f6c40874504885f60f847f010000488b572883fbff
1664 00000000000000000000000000000000000000000000000000000000000000000000000000000000000000000000000000000000000000000000000000000000
1728 0f84b7000000483955400f84f0000000488d420148894528881a8b4500a8020f85ab000000f6c402740983fb0a0f849d0000000fb6c35b5d415cc30f1f440000
1728 00000000000000000000000000000000000000000000000000000000000000000000000000000000000000000000000000000000000000000000000000000000
1792 4885f60f842f010000488b5708f6c4010f854a010000488b4d404839d10f84dd000000f30f7e451066480f6ed166480f6eca89c1660fd6450880cd08660f6cc1
1792 00000000000000000000000000000000000000000000000000000000000000000000000000000000000000000000000000000000000000000000000000000000
1856 4889d6894d008b8dc00000000f11451866480f6ec2660f6cc20f11452885c90f8f58ffffffa9020200000f844dffffff4889553083fbff0f8549ffffff5b4889
1856 00000000000000000000000000000000000000000000000000000000000000000000000000000000000000000000000000000000000000000000000000000000
1920 ef4829f25d415ce974f4ffff0f1f4000488b7520488b55284889ef4829f2e85df4ffff83f8ff0f8547ffffffb8ffffffffe940ffffff662e0f1f840000000000
1920 00000000000000000000000000000000000000000000000000000000000000000000000000000000000000000000000000000000000000000000000000000000
1984 8b85c000000085c07e56488b85a00000004889ef488b7018488b50204829f248c1fa02e828c2ffff83f8ff0f94c084c075ba488b5528e9d5feffff0f1f440000
1984 00000000000000000000000000000000000000000000000000000000000000000000000000000000000000000000000000000000000000000000000000000000
0 488b553866480f6ec2660f6cc00f11450866480f6ec2e90dffffff0f1f4400004829f24889efe8d5f3ffff83f8ff0f94c0ebbb0f1f4400004889efe820100000
0 00000000000000000000000000000000000000000000000000000000000000000000000000000000000000000000000000000000000000000000000000000000
64 488b55388b4500488955184889550848895510e9b5feffff0f1f8400000000004c8b65104889ef4929d4e8210b0000488b55184c89e648f7de4889d1482b4d38
64 00000000000000000000000000000000000000000000000000000000000000000000000000000000000000000000000000000000000000000000000000000000
128 4889c848f7d84c39e1480f47c64801c28b450048895518e97afeffff0f1f400083c820890748c7c0c0ffffff64c70009000000b8ffffffffe939feffff0f1f00
128 00000000000000000000000000000000000000000000000000000000000000000000000000000000000000000000000000000000000000000000000000000000
192 00000000000000000000000000000000000000000000000000000000000000000000000000000000000000000000000000000000000000000000000000000000
192 f30f1efa55534889fb4883ec18488b5728488b77204839f276368b87c000000085c00f8e88000000488b87a0000000488b7018488b50204829f248c1fa02e80d
256 00000000000000000000000000000000000000000000000000000000000000000000000000000000000000000000000000000000000000000000000000000000
256 c1ffff85c00f95c084c00f857d000000488b7308482b7310743f488babd800000048c7c2602b4c0048c7c008324c004889e94829d04829d14839c8765bba0100
320 0200e81956f8ff4c8d0de7e80200e9cbfeffff66662e0f1f8400000000006690f30f1efa488b87a00200004885c07458488b48088b118997f40200008b41088b
320 00000000000000000000000000000000000000000000000000000000000000000000000000000000000000000000000000000000000000000000000000000000
320 00004889dfff95800000004883f8ff742f488b43084889431048c78390000000ffffffff31c04883c4185b5dc30f1f004829f2e888f2ffff85c00f95c0eb8990
384 7104448d40ff4185c07569448987f802000001c04c8d41104829f28b490c498d04804c89870003000048898708030000488d0490898ffc020000488987100300
384 00000000000000000000000000000000000000000000000000000000000000000000000000000000000000000000000000000000000000000000000000000000
384 48c7c0c0ffffff6483381d74ccb8ffffffffebd20f1f40004889742408e8ded3ffff488b742408eb940f1f80000000004157415641554989f541544989f45548
448 00c3660f1f440000488b47604885c07422488b40088b104883c00848898710030000488d04908997f402000048898708030000c350488d0d34dc0200bacc0300
448 00000000000000000000000000000000000000000000000000000000000000000000000000000000000000000000000000000000000000000000000000000000
512 00488d357cd90200488d3df1db0200e84c55f8ff662e0f1f8400000000006690f30f1efa554889fd534889f34883ec0848833dd02c040000740c488d3d5f3e04
512 00000000000000000000000000000000000000000000000000000000000000000000000000000000000000000000000000000000000000000000000000000000
576 00e8ba1db8ff488d14db488d0d2f3f040048c1e2044801ca488b024885c074704889c2488b40184885c075f44889552048896a18488d04db48c1e00483440108
576 00000000000000000000000000000000000000000000000000000000000000000000000000000000000000000000000000000000000000000000000000000000
640 01488b05983e0400488985780400004883c00148833dd52c0400004889057e3e0400741c4883c408488d3df13d04005b5de94a1db8ff662e0f1f840000000000
640 00000000000000000000000000000000000000000000000000000000000000000000000000000000000000000000000000000000000000000000000000000000
704 4883c4085b5dc3660f1f84000000000048892aeb9f66662e0f1f840000000000f30f1efa415741564d89ce41554189d54154554889f5534889cb4883ec284889
704 00000000000000000000000000000000000000000000000000000000000000000000000000000000000000000000000000000000000000000000000000000000
768 7c24084889f74489442418e8702ef8ffbe01000000488d5001488db8a10400004989c74889542410e8239dfaff4989c44885c00f84150200004989442428488b
768 00000000000000000000000000000000000000000000000000000000000000000000000000000000000000000000000000000000000000000000000000000000
832 542410488d80800400004889ee49898424d0020000498dbc24a0040000498d8424880400004989442438e8f12cf8ff488b54240841c784249804000001000000
832 00000000000000000000000000000000000000000000000000000000000000000000000000000000000000000000000000000000000000000000000000000000
896 49898424880400004c01f80fb60a84c9480f45c24183e5034989442408410fb684241c03000083e0fc4109c54588ac241c030000f60506640400010f849f0100
896 00000000000000000000000000000000000000000000000000000000000000000000000000000000000000000000000000000000000000000000000000000000
960 004b8d04f6488d15b43d040049899c24e002000048c1e004498db424680300004d89742430488b04024989b4249003000049c7842488030000040000004885c0
960 00000000000000000000000000000000000000000000000000000000000000000000000000000000000000000000000000000000000000000000000000000000
1024 0f849a010000488d90c002000049899424680300004885db0f845a010000ba010000000f1f4400004889d8488b9be00200004885db75f185d20f857901000048
1024 00000000000000000000000000000000000000000000000000000000000000000000000000000000000000000000000000000000000000000000000000000000
1088 05c0020000488906498d8424c002000084c9884c241049898424980300000f84ea000000488b7c240831ede8102df8ff0fb64c24104989c5488d400148894424
1088 00000000000000000000000000000000000000000000000000000000000000000000000000000000000000000000000000000000000000000000000000000000
1152 184989c680f92f7518e94a010000669048c7c0c0ffffff648338220f85570100004c89f34983ee804889ef4989ef4c89f6e88a8ffaff4889c54885c00f842e01
1152 00000000000000000000000000000000000000000000000000000000000000000000000000000000000000000000000000000000000000000000000000000000
1216 00000000000000000000000000000000000000000000000000000000000000000000000000000000000000000000000000000000000000000000000000000000
1280 00000000000000000000000000000000000000000000000000000000000000000000000000000000000000000000000000000000000000000000000000000000
1344 0f44c2c600004989ac24480300004883c4284c89e05b5d415c415d415e415fc341c78424dc03000001000000e950feffff0f1f80000000004c89e04805c00200
1344 00000000000000000000000000000000000000000000000000000000000000000000000000000000000000000000000000000000000000000000000000000000
1408 004839d00f84befefffff64424180874374989942470030000e9a7feffff669031d24885db0f857dfeffff4c89e0e98cfeffff0f1f440000498b942468030000
1408 00000000000000000000000000000000000000000000000000000000000000000000000000000000000000000000000000000000000000000000000000000000
1472 ebb9660f1f440000498db42470030000e970feffff0f1f004889c7e87081faff4889c54885c074244889c7e92affffff4c89fd0f1f4400004889ef48c7c5ffff
1472 00000000000000000000000000000000000000000000000000000000000000000000000000000000000000000000000000000000000000000000000000000000
1536 ffffe83987faffe93affffff4883cdffe931ffffff662e0f1f84000000000090f30f1efa4883bf50040000ff0f849e000000488bb740040000483b35c85c0400
1536 00000000000000000000000000000000000000000000000000000000000000000000000000000000000000000000000000000000000000000000000000000000
1600 00000000000000000000000000000000000000000000000000000000000000000000000000000000000000000000000000000000000000000000000000000000
1664 00000000000000000000000000000000000000000000000000000000000000000000000000000000000000000000000000000000000000000000000000000000
1728 00000000000000000000000000000000000000000000000000000000000000000000000000000000000000000000000000000000000000000000000000000000
1792 00000000000000000000000000000000000000000000000000000000000000000000000000000000000000000000000000000000000000000000000000000000
1856 00000000000000000000000000000000000000000000000000000000000000000000000000000000000000000000000000000000000000000000000000000000
1920 00000000000000000000000000000000000000000000000000000000000000000000000000000000000000000000000000000000000000000000000000000000
1984 c7e88a29f8ff4c89e231f6415c4889c7e93b29f8ff66662e0f1f840000000000f30f1efa488b352d390400534889fb488b876804000048030748f7de4889c748
1984 00000000000000000000000000000000000000000000000000000000000000000000000000000000000000000000000000000000000000000000000000000000
0 0383700400004821f74821f04839c775075bc30f1f4400004829f8ba010000004889c6e80837fdff85c079e548c7c0c0ffffff488b7308488d0d42da020031d2
0 00000000000000000000000000000000000000000000000000000000000000000000000000000000000000000000000000000000000000000000000000000000
64 648b38e8986a00000f1f840000000000f30f1efa41544863d255488d04d24889fd53488d1442488d05b3d9020089f3488d34504883ec304989e44c89e7e80e28
64 00000000000000000000000000000000000000000000000000000000000000000000000000000000000000000000000000000000000000000000000000000000
128 f8ff488d0d37b8020081fbff000000772c89da83e30fc6400200488b7508c1ea0431ff83e20f0fb6141188100fb614194c89e188500131d2e8236a000089da48
128 00000000000000000000000000000000000000000000000000000000000000000000000000000000000000000000000000000000000000000000000000000000
192 00000000000000000000000000000000000000000000000000000000000000000000000000000000000000000000000000000000000000000000000000000000
256 00000000000000000000000000000000000000000000000000000000000000000000000000000000000000000000000000000000000000000000000000000000
320 00000000000000000000000000000000000000000000000000000000000000000000000000000000000000000000000000000000000000000000000000000000
384 00000000000000000000000000000000000000000000000000000000000000000000000000000000000000000000000000000000000000000000000000000000
448 00000000000000000000000000000000000000000000000000000000000000000000000000000000000000000000000000000000000000000000000000000000
512 00000000000000000000000000000000000000000000000000000000000000000000000000000000000000000000000000000000000000000000000000000000
576 00000000000000000000000000000000000000000000000000000000000000000000000000000000000000000000000000000000000000000000000000000000
640 00000000000000000000000000000000000000000000000000000000000000000000000000000000000000000000000000000000000000000000000000000000
704 00000000000000000000000000000000000000000000000000000000000000000000000000000000000000000000000000000000000000000000000000000000
768 00000000000000000000000000000000000000000000000000000000000000000000000000000000000000000000000000000000000000000000000000000000
832 00000000000000000000000000000000000000000000000000000000000000000000000000000000000000000000000000000000000000000000000000000000
896 00000000000000000000000000000000000000000000000000000000000000000000000000000000000000000000000000000000000000000000000000000000
960 4889c7e878810000660fefc048c74358000000000f1143485bc3660f1f440000f30f1efa534883ec108b87c000000085c0750ac787c0000000ffffffff488b9f
960 00000000000000000000000000000000000000000000000000000000000000000000000000000000000000000000000000000000000000000000000000000000
1024 d800000048c7c2602b4c0048c7c008324c004889d94829d04829d14839c87610488b43184883c4105bffe00f1f4400008974240c48893c24e843c9ffff488b43
1024 00000000000000000000000000000000000000000000000000000000000000000000000000000000000000000000000000000000000000000000000000000000
1088 188b74240c488b3c244883c4105bffe0f30f1efa554889fd534883ec088b87c000000085c00f85d5000000c787c0000000ffffffff8b4500f6c4080f85df0000
1088 00000000000000000000000000000000000000000000000000000000000000000000000000000000000000000000000000000000000000000000000000000000
1152 00488b5508488b75104839f20f82be000000f6c401743280e4fe488b5558488b4d1848897558894500488b4548488955104889d64889451848894d4848894508
1152 00000000000000000000000000000000000000000000000000000000000000000000000000000000000000000000000000000000000000000000000000000000
1216 00000000000000000000000000000000000000000000000000000000000000000000000000000000000000000000000000000000000000000000000000000000
1280 00000000000000000000000000000000000000000000000000000000000000000000000000000000000000000000000000000000000000000000000000000000
1344 00000000000000000000000000000000000000000000000000000000000000000000000000000000000000000000000000000000000000000000000000000000
1408 00000000000000000000000000000000000000000000000000000000000000000000000000000000000000000000000000000000000000000000000000000000
1472 00000000000000000000000000000000000000000000000000000000000000000000000000000000000000000000000000000000000000000000000000000000
1536 00000000000000000000000000000000000000000000000000000000000000000000000000000000000000000000000000000000000000000000000000000000
1600 00000000000000000000000000000000000000000000000000000000000000000000000000000000000000000000000000000000000000000000000000000000
1664 00000000000000000000000000000000000000000000000000000000000000000000000000000000000000000000000000000000000000000000000000000000
1728 00000000000000000000000000000000000000000000000000000000000000000000000000000000000000000000000000000000000000000000000000000000
1792 00000000000000000000000000000000000000000000000000000000000000000000000000000000000000000000000000000000000000000000000000000000
1856 00000000000000000000000000000000000000000000000000000000000000000000000000000000000000000000000000000000000000000000000000000000
1920 00000000000000000000000000000000000000000000000000000000000000000000000000000000000000000000000000000000000000000000000000000000
1984 00000000000000000000000000000000000000000000000000000000000000000000000000000000000000000000000000000000000000000000000000000000
0 f30f1efa5589cd534889fb4883ec18488b7f388b034889342448895424084885ff7404a801742989c2f30f7e042483c80183e2fe85ed0f45c20f164424080f11
0 00000000000000000000000000000000000000000000000000000000000000000000000000000000000000000000000000000000000000000000000000000000
64 433889034883c4185b5dc30f1f440000e8eb7c00008b03ebce0f1f8000000000f30f1efa48837f38007405c30f1f4000415455538b074889fba802740a8b97c0
64 00000000000000000000000000000000000000000000000000000000000000000000000000000000000000000000000000000000000000000000000000000000
128 00000085d27e69488babd800000048c7c2602b4c0048c7c008324c004889e94829d04829d14839c876664889dfff556883f8ff7534488b7b388b03488dab8400
128 00000000000000000000000000000000000000000000000000000000000000000000000000000000000000000000000000000000000000000000000000000000
192 00004c8da3830000004885ff7404a801742e83c80166490f6ec466480f6ecd8903660f6cc10f1143385b5d415cc36690488daf840000004c8da783000000ebd2
192 00000000000000000000000000000000000000000000000000000000000000000000000000000000000000000000000000000000000000000000000000000000
256 e83b7c00008b03ebc90f1f8000000000e86bc4ffffeb93660f1f840000000000f30f1efab8ffffffffc3660f1f440000f30f1efa55534889fb4883ec08488baf
256 00000000000000000000000000000000000000000000000000000000000000000000000000000000000000000000000000000000000000000000000000000000
320 d800000048c7c2602b4c0048c7c008324c004889e94829d04829d14839c876284889dfff552083f8ff740f488b4308488d5001488953080fb6004883c4085b5d
320 00000000000000000000000000000000000000000000000000000000000000000000000000000000000000000000000000000000000000000000000000000000
384 c30f1f8000000000e8f3c3ffffebd190f30f1efa4885d20f8443010000415741564989f641554989d541544989fc554889d5534883ec08eb560f1f8000000000
384 00000000000000000000000000000000000000000000000000000000000000000000000000000000000000000000000000000000000000000000000000000000
448 4885db0f85a70000004829dd4885ed747a498b9c24d800000048c7c2602b4c0048c7c008324c004889d94829d04829d14839c8766b410fb6364d8d7e014c89e7
448 00000000000000000000000000000000000000000000000000000000000000000000000000000000000000000000000000000000000000000000000000000000
512 ff531883f8ff74404883ed014d89fe498b7c2428498b5c24304839df73ae4829fb4839dd480f46dd4883fb1476924c89f64889da4901dee8141ffeff49894424
512 00000000000000000000000000000000000000000000000000000000000000000000000000000000000000000000000000000000000000000000000000000000
576 28eb860f1f4400004929ed4883c4084c89e85b5d415c415d415e415fc30f1f00e81bc3ffffeb8e660f1f840000000000488d470f4c29f04883f81e766b488d43
576 00000000000000000000000000000000000000000000000000000000000000000000000000000000000000000000000000000000000000000000000000000000
640 ff4883f80e7661f3410f6f060f11074883fb107435410fb646108847104883fb117427410fb64611884711488d43ed4883fb127415410fb656128857124885c0
640 00000000000000000000000000000000000000000000000000000000000000000000000000000000000000000000000000000000000000000000000000000000
704 7408410fb646138847134801df4901de49897c2428e9effeffff660f1f44000031c0c30f1f44000031c0660f1f440000410fb614068814074883c0014839d875
704 00000000000000000000000000000000000000000000000000000000000000000000000000000000000000000000000000000000000000000000000000000000
768 00000000000000000000000000000000000000000000000000000000000000000000000000000000000000000000000000000000000000000000000000000000
832 00000000000000000000000000000000000000000000000000000000000000000000000000000000000000000000000000000000000000000000000000000000
896 00000000000000000000000000000000000000000000000000000000000000000000000000000000000000000000000000000000000000000000000000000000
960 00000000000000000000000000000000000000000000000000000000000000000000000000000000000000000000000000000000000000000000000000000000
1024 00000000000000000000000000000000000000000000000000000000000000000000000000000000000000000000000000000000000000000000000000000000
1088 03000000000000000000000000000000000000000000000028a149000000000002000000000000000000000000000000ffffffffffffffff0000000000000000
1088 00000000000000000000000000000000000000000000000000000000000000000000000000000000000000000000000000000000000000000000000000000000
1152 000000000100000044a14900000000005ba149000000000000000000000000000000000000000000ff0000000000000000000000000000000000000001000000
1152 00000000000000000000000000000000000000000000000000000000000000000000000000000000000000000000000000000000000000000000000000000000
1216 70a1490000000000d0a349000000000002000000000000000000000000000000ffffffffffffffff000000000000000000000000000000000000000000000000
1216 00000000000000000000000000000000000000000000000000000000000000000000000000000000000000000000000000000000000000000000000000000000
1280 00000000000000000000000000000000000000000000000000000000000000000000000000000000000000000000000000000000000000000000000000000000
1344 000000000000000000000000000000000100000000000000000000000000000000000000000000000000000000000000a9a14900000000000200000000000000
1344 00000000000000000000000000000000000000000000000000000000000000000000000000000000000000000000000000000000000000000000000000000000
1408 0000000000000000ffffffffffffffff000000000000000000000000010000000000000000000000bda1490000000000000000000000000000000080ffffffff
1408 00000000000000000000000000000000000000000000000000000000000000000000000000000000000000000000000000000000000000000000000000000000
1472 ffffff7f00000000030000000000000000000000000000000000000000000000daa149000000000002000000000000000000000000000000ffffffffffffffff
1472 00000000000000000000000000000000000000000000000000000000000000000000000000000000000000000000000000000000000000000000000000000000
1536 00000000000000000000000001000000efa1490000000000f0a349000000000002000000000000000000000000000000ffffffffffffffff0000000000000000
1536 00000000000000000000000000000000000000000000000000000000000000000000000000000000000000000000000000000000000000000000000000000000
1600 00000000000000000000000000000000ffa149000000000003000000000000000000000000000000000000000000000000000000000000000000000000000000
1600 00000000000000000000000000000000000000000000000000000000000000000000000000000000000000000000000000000000000000000000000000000000
1600 4839c175eb4883c0014901c44c01c048894308e96dfdffff0f1f840000000000e81bbfffffe987feffff660f1f440000f30f1efa415541544989d4554889f553
1664 000000000000000013a249000000000001000000000000000000000000000000ffffffffffffffff0600000000000000000000000000000028a2490000000000
1664 00000000000000000000000000000000000000000000000000000000000000000000000000000000000000000000000000000000000000000000000000000000
1664 4889fb4883ec084c8bafd800000048c7c2602b4c0048c7c008324c004c89e94829d04829d14839c80f86ca0000004889df41ff556083f8ff0f84ca0000008b03
1728 36a2490000000000000000000000000000000080ffffffffffffff7f00000000000000000000000000000000010000004ca249000000000018a4490000000000
1728 00000000000000000000000000000000000000000000000000000000000000000000000000000000000000000000000000000000000000000000000000000000
1728 488b7b3889c24885ed74554d85e4745083e2fd4901ec89134885ff7404a801747783ca0166480f6ec566490f6ed48913660f6cc20f114338660fefc04889d80f
1792 000000000000000000000080ffffffffffffff7f0000000003000000000000000000000000000000000000000000000048a44900000000000200000000000000
1792 00000000000000000000000000000000000000000000000000000000000000000000000000000000000000000000000000000000000000000000000000000000
1792 1143080f1143180f1143284883c4085b5d415c415dc3662e0f1f84000000000083ca02488dab840000004c8da38300000089134885ff7404a801742c66490f6e
1856 0000000000000000ffffffffffffffff0000000000000000000000000000000000000000000000005da249000000000003000000000000000000000000000000
1856 00000000000000000000000000000000000000000000000000000000000000000000000000000000000000000000000000000000000000000000000000000000
1856 c466480f6ecd83ca01660f6cc189130f114338eba30f1f00e8e37500008b13eb800f1f8000000000e8d37500008b13ebcb0f1f8000000000e803beffffe92cff
1920 00000000000000000000000000000000000000000000000000000000000000006fa2490000000000030000000000000000000000000000000000000000000000
1920 00000000000000000000000000000000000000000000000000000000000000000000000000000000000000000000000000000000000000000000000000000000
1920 ffff660f1f44000031c0e97cffffff90f30f1efa5389d14883ec20488b9fd800000048c7c2602b4c0048c7c008324c004989d84829d04929d04c39c07612488b
1984 00000000000000000000000000000000000000000000000070a4490000000000000000000000000000000080ffffffffffffff7f000000000300000000000000
1984 00000000000000000000000000000000000000000000000000000000000000000000000000000000000000000000000000000000000000000000000000000000
0 0000000000000000000000000000000080a249000000000002000000000000000100000000000000ffffffffffffffff00000000000000000000000001000000
0 00000000000000000000000000000000000000000000000000000000000000000000000000000000000000000000000000000000000000000000000000000000
64 97a2490000000000a8a249000000000002000000000000000000000000000000ffffffffffffffff00000000000000000000000001000000c4a2490000000000
64 00000000000000000000000000000000000000000000000000000000000000000000000000000000000000000000000000000000000000000000000000000000
128 dba249000000000002000000000000000000000000000000ffffffffffffffff000000000000000000000000000000000000000000000000f9a2490000000000
128 00000000000000000000000000000000000000000000000000000000000000000000000000000000000000000000000000000000000000000000000000000000
192 02000000000000000000000000000000ffffffffffffffff00000000000000000000000000000000000000000000000013a34900000000000200000000000000
192 00000000000000000000000000000000000000000000000000000000000000000000000000000000000000000000000000000000000000000000000000000000
256 0100000000000000ffffffffffffffff000000000000000000000000010000002ba349000000000098a449000000000000000000000000000000000000000000
256 00000000000000000000000000000000000000000000000000000000000000000000000000000000000000000000000000000000000000000000000000000000
320 ff7f0000000000006400000000000000000000000000000000000000000000003da349000000000002000000000000000000000000000000ffffffffffffffff
320 00000000000000000000000000000000000000000000000000000000000000000000000000000000000000000000000000000000000000000000000000000000
384 00000000000000000000000000000000000000000000000055a34900000000000000000000000000000000000000000003000000000000000000000000000000
384 00000000000000000000000000000000000000000000000000000000000000000000000000000000000000000000000000000000000000000000000000000000
448 000000000000000068a3490000000000000000000000000000000000000000000000000000000000000000000000000000000000000000000000000000000000
448 00000000000000000000000000000000000000000000000000000000000000000000000000000000000000000000000000000000000000000000000000000000
512 00000000000000000000000000000000000000000000000000000000000000000000000000000000000000000000000000000000000000000000000000000000
576 0000000000000000000000000000000000000000000000000000000000000000000000000000000088204c000000000000000000000000000000000000000000
576 00000000000000000000000000000000000000000000000000000000000000000000000000000000000000000000000000000000000000000000000000000000
640 00000000000000000000000000000000000000000000000000000000000000000100000000000000000000000000000000000000000000000000000000000000
640 00000000000000000000000000000000000000000000000000000000000000000000000000000000000000000000000000000000000000000000000000000000
704 00000000000000000000000000000000000000000000000000000000000000000000000000000000000000000000000000000000000000000000000000000000
768 00000000000000000000000000000000000000000000000000000000000000000000000000000000000000000000000000000000000000000000000000000000
832 00000000000000000000000000000000000000000000000000000000000000000000000000000000000000000000000000000000000000000000000000000000
896 00000000000000000000000000000000000000000000000000000000000000000000000000000000000000000000000000000000000000000000000000000000
960 00000000000000000000000000000000000000000000000000000000000000000000000000000000000000000000000000000000000000000000000000000000
1024 00000000000000000000000000000000000000000000000000000000000000000000000000000000000000000000000000000000000000000000000000000000
1088 00000000000000000000000000000000000000000000000000000000000000000000000000000000000000000000000000000000000000000000000000000000
1152 00000000000000000000000000000000000000000000000000000000000000000000000000000000000000000000000000000000000000000000000000000000
1216 00000000000000000000000000000000000000000000000000000000000000000000000000000000000000000000000000000000000000000000000000000000
1216 4883e90180390a740f4839f177f28d043ac3660f1f4400004829c883e801c390f30f1efa41574156415541545589fd534883ec3849c7c50000000064488b0425
1280 00000000000000000000000000000000000000000000000000000000000000000000000000000000000000000000000000000000000000000000000000000000
1280 28000000488944242831c04d85ed0f84fc0100004889e731d2488d3570e6ffffe8db02beff64488b1c251000000048391d033f0a007423648b04251800000085
1344 00000000000000000000000000000000000000000000000000000000000000000000000000000000000000000000000000000000000000000000000000000000
1344 c00f8565020000ba010000000fb115dd3e0a0048891dde3e0a008b05d43e0a00488b1db9130a004531f68d50018915c13e0a004885db0f842d010000644c8b24
1408 00000000000000000000000000000000000000000000000000000000000000000000000000000000000000000000000000000000000000000000000000000000
1408 2510000000e9aa000000660f1f440000488b83a0000000488b701848397020763f4c8bbbd800000048c7c2602b4c0048c7c008324c004c89f94829d04829d148
1472 00000000000000000000000000000000000000000000000000000000000000000000000000000000000000000000000000000000000000000000000000000000
1472 39c80f8668010000beffffffff4889df41ff571883f8ffb8ffffffff440f44f085ed743cf703008000007534488bbb880000008b470483e801894704752248c7
1536 00000000000000000000000000000000000000000000000000000000000000000000000000000000000000000000000000000000000000000000000000000000
1536 470800000000648b14251800000085d20f8572010000832f010f1f800000000048c705f53d0a0000000000488b5b684885db746c48891de53d0a0085ed743e8b
1600 00000000000000000000000000000000000000000000000000000000000000000000000000000000000000000000000000000000000000000000000000000000
1600 1381e2008000007534488bbb880000004c3967087423648b04251800000085c00f8502010000ba010000000fb117488bbb880000004c896708834704018b83c0
1664 28aa49000000000028aa49000000000028aa49000000000028aa49000000000028aa490000000000000000000000000000000000000000000000000000000000
1664 00000000000000000000000000000000000000000000000000000000000000000000000000000000000000000000000000000000000000000000000000000000
1664 00000085c00f8f05ffffff488b4320483943280f8708ffffffe942ffffff66908b058e3d0a0083e8018905853d0a0085c0751e48c7057a3d0a0000000000648b
1728 00000000000000000000000000000000000000000000000000000000000000000000000000000000000000000000000000000001000000000000000000000000
1728 00000000000000000000000000000000000000000000000000000000000000000000000000000000000000000000000000000000000000000000000000000000
1728 14251800000085d27570832d5f3d0a00014d85ed740a4889e731f6e82001beff488b4424286448330425280000000f85de0000004883c4384489f05b5d415c41
1792 00000000000000000000000000000000020000000000000000000000000000000000000000000000000000000000000000000000000000000000000000000000
1792 00000000000000000000000000000000000000000000000000000000000000000000000000000000000000000000000000000000000000000000000000000000
1792 5d415e415fc3662e0f1f84000000000048c744240800000000488d0570e4ffff48890424e9fcfdffff0f1f8000000000e84bb6ffffe98efeffff8705f03c0a00
1856 50674200000000000000000000000000000000000000000002000000000000000000000000000000000000000000000000000000000000000000000000000000
1856 00000000000000000000000000000000000000000000000000000000000000000000000000000000000000000000000000000000000000000000000000000000
1856 83f8017e8c4531d2ba01000000be81000000b8ca000000488d3dd23c0a000f05e96cffffff0f1f00b90100000089d0f00fb10f0f84f5feffffe812160000e9eb
1920 0000000000000000000000000000000000000000000000000000000000000000b0bc480000000000000000000000000000000000000000000000000000000000
1920 00000000000000000000000000000000000000000000000000000000000000000000000000000000000000000000000000000000000000000000000000000000
1920 feffff0f1f440000870783f8010f8e8dfeffff4531d2ba01000000be81000000b8ca0000000f05e974feffff31c0ba01000000f00fb115753c0a000f8492fdff
1984 00000000000000000000000000000000000000000000000000000000000000000000000000000000000000000000000000000000000000000000000000000000
1984 0200000000000000000000000000000000000000000000000000000000000000406d420000000000000000000000000000000000000000000000000000000000
1984 ff488d3d683c0a00e8c3150000e981fdffffe8594a0300660f1f840000000000f30f1efa415731ff41564155415455534883ec3864488b042528000000488944
